Kategoria;Grupa;Podgrupa (wymiary);Wymiar 1;Wymiar 2;Jednostka miary;"1995";"1996";"1997";"1998";"1999";"2000";"2001";"2002";"2003";"2004";"2005";"2006";"2007";"2008";"2009";"2010";"2011";"2012";"2013";"2014";"2015";"2016";"2017";"2018";"2019";"2020";"2021";"2022";"2023";"2024";
"KULTURA ";"BIBLIOTEKI";"Biblioteki inne niż publiczne (Wymiary: Wyszczególnienie)";"biblioteki i filie";"";"ob.";;;;;;;;;;;;;16;;17;;16;17;16;15;15;15;14;13;13;13;12;12;12;12;
"KULTURA ";"BIBLIOTEKI";"Biblioteki inne niż publiczne (Wymiary: Wyszczególnienie)";"powierzchnia pomieszczeń bibliotecznych";"";"m2";;;;;;;;;;;;;5896;;7834;;6486;6666;6234;6173;6174;6134;6119;5939;5919;5919;5865;5741;5746;5746;
"KULTURA ";"BIBLIOTEKI";"Biblioteki inne niż publiczne (Wymiary: Wyszczególnienie)";"pracownicy (w działalności podstawowej)";"";"osoba";;;;;;;;;;;;;99;;107;;97;88;82;79;83;80;64;62;48;55;51;50;49;49;
"KULTURA ";"BIBLIOTEKI";"Biblioteki inne niż publiczne (Wymiary: Wyszczególnienie)";"księgozbiór";"";"wol.";;;;;;;;;;;;;504254;;539179;;536876;551905;549573;500678;527715;516893;517119;507495;508784;511817;503775;494689;496541;501116;
"KULTURA ";"BIBLIOTEKI";"Biblioteki inne niż publiczne (Wymiary: Wyszczególnienie)";"zbiory specjalne";"";"szt.";;;;;;;;;;;;;137024;;118058;;148101;149424;150166;145484;61887;149084;64960;66263;66191;67961;68692;59758;60365;60774;
"KULTURA ";"BIBLIOTEKI";"Biblioteki inne niż publiczne (Wymiary: Wyszczególnienie)";"czytelnicy (użytkownicy aktywnie wypożyczający) w ciągu roku";"";"osoba";;;;;;;;;;;;;36016;;17800;;12451;10071;8152;7732;5753;5268;5922;4473;4064;3066;2864;3162;3218;3058;
"KULTURA ";"BIBLIOTEKI";"Biblioteki inne niż publiczne (Wymiary: Wyszczególnienie)";"czytelnicy indywidualni zarejestrowani w ciągu roku";"";"osoba";;;;;;;;;;;;;35882;;17718;;;;;;;;;;;;;;;;
"KULTURA ";"BIBLIOTEKI";"Biblioteki publiczne (Wymiary: Biblioteki)";"biblioteki i filie";"";"ob.";15;14;15;15;15;15;15;15;15;15;15;15;15;15;15;15;15;15;15;15;15;14;12;12;12;12;12;12;12;12;
"KULTURA ";"BIBLIOTEKI";"Biblioteki publiczne (Wymiary: Biblioteki)";"pracownicy bibliotek (działalności podstawowej)";"";"osoba";56;77;76;52;51;50;50;50;50;50;49;51;52;54;56;79;80;79;81;80;83;81;83;80;66;63;62;65;63;64;
"KULTURA ";"BIBLIOTEKI";"Biblioteki publiczne (Wymiary: Biblioteki)";"księgozbiór";"";"wol.";441099;412167;417399;408306;402447;402887;383522;394872;398798;401799;405253;407749;377987;375014;373020;375007;361442;350637;346622;351215;356278;349295;346907;337682;341612;338035;337429;332922;329259;327463;
"KULTURA ";"BIBLIOTEKI";"Biblioteki publiczne (Wymiary: Biblioteki)";"zbiory elektroniczne  zinwentaryzowane";"";"szt.";;;;;;;;;;;;;;;;;66;67;121;121;121;121;121;123;;;;;;;
"KULTURA ";"BIBLIOTEKI";"Biblioteki publiczne (Wymiary: Biblioteki)";"odsetek zbiorów elektronicznych";"";"%";;;;;;;;;;;;;;;;;0,0;0,0;0,0;0,0;0,0;0,0;0,0;0,0;;;;;;;
"KULTURA ";"BIBLIOTEKI";"Biblioteki publiczne (Wymiary: Biblioteki)";"czytelnicy w ciągu roku";"";"osoba";23425;24289;25372;26156;26697;26953;27138;27095;27424;27309;27068;25906;24533;23350;24659;24529;25130;25434;29443;28661;27206;25101;24313;24736;23539;19575;19528;19369;21338;21185;
"KULTURA ";"BIBLIOTEKI";"Biblioteki publiczne (Wymiary: Biblioteki)";"wypożyczenia księgozbioru na zewnątrz";"";"wol.";365869;371505;354256;364715;364863;367520;364650;362279;384467;388285;391519;371479;364583;351485;354083;363635;370736;376542;439666;430103;414287;395134;386062;393186;402627;301171;355084;368414;386173;396144;
"KULTURA ";"BIBLIOTEKI";"Biblioteki publiczne (Wymiary: Biblioteki)";"punkty biblioteczne ogółem";"";"ob.";0;0;0;0;1;3;4;4;4;5;5;5;5;4;3;2;2;2;2;3;3;3;3;3;2;2;1;1;0;0;
"KULTURA ";"BIBLIOTEKI";"Biblioteki publiczne (Wymiary: Biblioteki)";"obiekty przystosowane dla osób poruszających się na wózkach inwalidzkich";"";"ob.";;;;;2;2;2;3;3;3;4;4;4;4;4;;;;;;;;;;;;;;;;
"KULTURA ";"BIBLIOTEKI";"Biblioteki publiczne (Wymiary: Biblioteki)";"obiekty przystosowane dla osób niepełnosprawnych poruszających się na wózkach inwalidzkich: wejście do budynku";"";"ob.";;;;;;;;;;;;;;;;5;6;9;9;9;9;10;9;9;9;;;;;;
"KULTURA ";"BIBLIOTEKI";"Biblioteki publiczne (Wymiary: Biblioteki)";"obiekty przystosowane dla osób niepełnosprawnych poruszających się na wózkach inwalidzkich: udogodnienia wewnątrz budynku";"";"ob.";;;;;;;;;;;;;;;;1;2;4;4;4;4;5;5;5;5;;;;;;
"KULTURA ";"BIBLIOTEKI";"Biblioteki publiczne (Wymiary: Biblioteki)";"zbiory specjalne";"";"szt.";;;;;;;;;;;;;;;;;;;;;;;;;21071;21276;8744;6374;6329;6621;
"KULTURA ";"BIBLIOTEKI";"Biblioteki publiczne (Wymiary: Biblioteki)";"odsetek zbiorów specjalnych";"";"%";;;;;;;;;;;;;;;;;;;;;;;;;6,2;6,3;2,6;1,9;1,9;2,0;
"KULTURA ";"BIBLIOTEKI";"Biblioteki publiczne (Wymiary: Biblioteki)";"obiekty przystosowane do potrzeb osób niepełnosprawnych";"";"ob.";;;;;;;;;;;;;;;;;;;;;;;;;;9;9;8;8;9;
"KULTURA ";"BIBLIOTEKI";"Biblioteki publiczne (Wymiary: Biblioteki)";"obiekty przystosowane do potrzeb osób niepełnosprawnych: wejście do budynku";"";"ob.";;;;;;;;;;;;;;;;;;;;;;;;;;9;9;8;8;9;
"KULTURA ";"BIBLIOTEKI";"Biblioteki publiczne (Wymiary: Biblioteki)";"obiekty przystosowane do potrzeb osób niepełnosprawnych: udogodnienia wewnątrz budynku";"";"ob.";;;;;;;;;;;;;;;;;;;;;;;;;;6;5;5;5;6;
"KULTURA ";"BIBLIOTEKI";"Biblioteki publiczne - wskaźniki (Wymiary: Wskaźniki)";"biblioteki publiczne na 10 tys. ludności";"";"ob.";;;;;;;;;0,7;0,7;0,7;0,7;0,7;0,7;0,7;0,7;0,7;0,7;0,7;0,7;0,7;0,7;0,6;0,6;0,6;0,6;0,6;0,6;0,6;0,6;
"KULTURA ";"BIBLIOTEKI";"Biblioteki publiczne - wskaźniki (Wymiary: Wskaźniki)";"ludność na 1 placówkę biblioteczną (łącznie z punktami bibliotecznymi ujętymi zgodnie z siedzibą jednostki macierzystej)";"";"osoba";;;;;;;;12057;12015;11381;11351;11291;11243;11801;12411;13039;12977;12924;12851;12067;12009;12648;14304;14202;15098;14447;15377;15219;16334;16148;
"KULTURA ";"BIBLIOTEKI";"Biblioteki publiczne - wskaźniki (Wymiary: Wskaźniki)";"księgozbiór bibliotek na 1000 ludności";"";"wol.";;;;;;;;1723,7;1746,9;1765,3;1785,1;1805,7;1681,0;1672,5;1669,8;1691,8;1638,4;1596,0;1586,6;1617,0;1648,2;1624,5;1616,8;1585,1;1616,2;1671,3;1688,0;1682,7;1679,9;1689,9;
"KULTURA ";"BIBLIOTEKI";"Biblioteki publiczne - wskaźniki (Wymiary: Wskaźniki)";"czytelnicy bibliotek publicznych na 1000 ludności";"";"osoba";;;;;;;;118;120;120;119;114;109;104;110;110;114;116;134;132;126;116;113;116;111;96;97;97;108;109;
"KULTURA ";"BIBLIOTEKI";"Biblioteki publiczne - wskaźniki (Wymiary: Wskaźniki)";"wypożyczenia księgozbioru na 1 czytelnika w woluminach";"";"wol.";;;;;;;;13,4;14,0;14,2;14,5;14,3;14,9;15,1;14,4;14,8;14,8;14,8;14,9;15,0;15,2;15,7;15,9;15,9;17,1;15,4;18,2;19,0;18,1;18,7;
"KULTURA ";"BIBLIOTEKI";"Biblioteki publiczne wg organu prowadzącego (Wymiary: Organ prowadzący; Biblioteki)";"ogółem";"biblioteki i filie";"ob.";;;;;15;15;15;15;15;15;15;15;15;15;15;15;15;15;15;15;15;14;12;12;12;12;12;12;12;12;
"KULTURA ";"BIBLIOTEKI";"Biblioteki publiczne wg organu prowadzącego (Wymiary: Organ prowadzący; Biblioteki)";"ogółem";"pracownicy bibliotek (działalności podstawowej)";"osoba";;;;;51;50;50;50;50;50;49;51;52;54;56;79;80;79;81;80;83;81;83;80;66;63;62;65;63;64;
"KULTURA ";"BIBLIOTEKI";"Biblioteki publiczne wg organu prowadzącego (Wymiary: Organ prowadzący; Biblioteki)";"ogółem";"księgozbiór";"wol.";;;;;402447;402887;383522;394872;398798;401799;405253;407749;377987;375014;373020;375007;361442;350637;346622;351215;356278;349295;346907;337682;341612;338035;337429;332922;329259;327463;
"KULTURA ";"BIBLIOTEKI";"Biblioteki publiczne wg organu prowadzącego (Wymiary: Organ prowadzący; Biblioteki)";"ogółem";"czytelnicy w ciągu roku";"osoba";;;;;26697;26953;27138;27095;27424;27309;27068;25906;24533;23350;24659;24529;25130;25434;29443;28661;27206;25101;24313;24736;23539;19575;19528;19369;21338;21185;
"KULTURA ";"BIBLIOTEKI";"Biblioteki publiczne wg organu prowadzącego (Wymiary: Organ prowadzący; Biblioteki)";"ogółem";"wypożyczenia księgozbioru na zewnątrz";"wol.";;;;;364863;367520;364650;362279;384467;388285;391519;371479;364583;351485;354083;363635;370736;376542;439666;430103;414287;395134;386062;393186;402627;301171;355084;368414;386173;396144;
"KULTURA ";"BIBLIOTEKI";"Biblioteki publiczne wg organu prowadzącego (Wymiary: Organ prowadzący; Biblioteki)";"ogółem";"wypożyczenia zbiorów audiowizualnych na zewnątrz";"szt.";;;;;;;;;;;;;;;;;;;;;;5504;9760;11881;13880;9677;11517;11956;11847;13185;
"KULTURA ";"BIBLIOTEKI";"Biblioteki publiczne wg organu prowadzącego (Wymiary: Organ prowadzący; Biblioteki)";"ogółem";"punkty biblioteczne ogółem";"ob.";;;;;1;3;4;4;4;5;5;5;5;4;3;2;2;2;2;3;3;3;3;3;2;2;1;1;0;0;
"KULTURA ";"BIBLIOTEKI";"Biblioteki publiczne wg organu prowadzącego (Wymiary: Organ prowadzący; Biblioteki)";"ogółem";"obiekty przystosowane dla osób poruszających się na wózkach inwalidzkich";"ob.";;;;;2;2;2;3;3;3;4;4;4;4;4;;;;;;;;;;;;;;;;
"KULTURA ";"BIBLIOTEKI";"Biblioteki publiczne wg organu prowadzącego (Wymiary: Organ prowadzący; Biblioteki)";"ogółem";"obiekty przystosowane dla osób niepełnosprawnych poruszających się na wózkach inwalidzkich: wejście do budynku";"ob.";;;;;;;;;;;;;;;;5;6;9;9;9;9;10;9;9;9;;;;;;
"KULTURA ";"BIBLIOTEKI";"Biblioteki publiczne wg organu prowadzącego (Wymiary: Organ prowadzący; Biblioteki)";"ogółem";"obiekty przystosowane dla osób niepełnosprawnych poruszających się na wózkach inwalidzkich: udogodnienia wewnątrz budynku";"ob.";;;;;;;;;;;;;;;;1;2;4;4;4;4;5;5;5;5;;;;;;
"KULTURA ";"BIBLIOTEKI";"Biblioteki publiczne wg organu prowadzącego (Wymiary: Organ prowadzący; Biblioteki)";"ogółem";"obiekty przystosowane do potrzeb osób niepełnosprawnych";"ob.";;;;;;;;;;;;;;;;;;;;;;;;;;9;9;8;8;9;
"KULTURA ";"BIBLIOTEKI";"Biblioteki publiczne wg organu prowadzącego (Wymiary: Organ prowadzący; Biblioteki)";"ogółem";"obiekty przystosowane do potrzeb osób niepełnosprawnych: wejście do budynku";"ob.";;;;;;;;;;;;;;;;;;;;;;;;;;9;9;8;8;9;
"KULTURA ";"BIBLIOTEKI";"Biblioteki publiczne wg organu prowadzącego (Wymiary: Organ prowadzący; Biblioteki)";"ogółem";"obiekty przystosowane do potrzeb osób niepełnosprawnych: udogodnienia wewnątrz budynku";"ob.";;;;;;;;;;;;;;;;;;;;;;;;;;6;5;5;5;6;
"KULTURA ";"BIBLIOTEKI";"Biblioteki publiczne wg organu prowadzącego (Wymiary: Organ prowadzący; Biblioteki)";"prowadzone przez gminę / miasto na prawach powiatu";"biblioteki";"ob.";;;;;0;15;;;;;;;;;;;;;;;;;;;;;;;;;
"KULTURA ";"BIBLIOTEKI";"Biblioteki publiczne wg organu prowadzącego (Wymiary: Organ prowadzący; Biblioteki)";"prowadzone przez gminę / miasto na prawach powiatu";"biblioteki i filie";"ob.";;;;;;;15;15;15;15;15;15;15;15;15;15;15;15;15;15;15;14;12;12;12;12;12;12;12;12;
"KULTURA ";"BIBLIOTEKI";"Biblioteki publiczne wg organu prowadzącego (Wymiary: Organ prowadzący; Biblioteki)";"prowadzone przez gminę / miasto na prawach powiatu";"pracownicy bibliotek (działalności podstawowej)";"osoba";;;;;0;50;50;50;50;50;49;51;52;54;56;79;80;79;81;80;83;81;83;80;66;63;62;65;63;64;
"KULTURA ";"BIBLIOTEKI";"Biblioteki publiczne wg organu prowadzącego (Wymiary: Organ prowadzący; Biblioteki)";"prowadzone przez gminę / miasto na prawach powiatu";"księgozbiór";"wol.";;;;;0;402887;383522;394872;398798;401799;405253;407749;377987;375014;373020;375007;361442;350637;346622;351215;356278;349295;346907;337682;341612;338035;337429;332922;329259;327463;
"KULTURA ";"BIBLIOTEKI";"Biblioteki publiczne wg organu prowadzącego (Wymiary: Organ prowadzący; Biblioteki)";"prowadzone przez gminę / miasto na prawach powiatu";"czytelnicy w ciągu roku";"osoba";;;;;0;26953;27138;27095;27424;27309;27068;25906;24533;23350;24659;24529;25130;25434;29443;28661;27206;25101;24313;24736;23539;19575;19528;19369;21338;21185;
"KULTURA ";"BIBLIOTEKI";"Biblioteki publiczne wg organu prowadzącego (Wymiary: Organ prowadzący; Biblioteki)";"prowadzone przez gminę / miasto na prawach powiatu";"wypożyczenia księgozbioru na zewnątrz";"wol.";;;;;0;367520;364650;362279;384467;388285;391519;371479;364583;351485;354083;363635;370736;376542;439666;430103;414287;395134;386062;393186;402627;301171;355084;368414;386173;396144;
"KULTURA ";"BIBLIOTEKI";"Biblioteki publiczne wg organu prowadzącego (Wymiary: Organ prowadzący; Biblioteki)";"prowadzone przez gminę / miasto na prawach powiatu";"wypożyczenia zbiorów audiowizualnych na zewnątrz";"szt.";;;;;;;;;;;;;;;;;;;;;;5504;9760;11881;13880;9677;11517;11956;11847;13185;
"KULTURA ";"BIBLIOTEKI";"Biblioteki publiczne wg organu prowadzącego (Wymiary: Organ prowadzący; Biblioteki)";"prowadzone przez gminę / miasto na prawach powiatu";"punkty biblioteczne ogółem";"ob.";;;;;0;3;4;4;4;5;5;5;5;4;3;2;2;2;2;3;3;3;3;3;2;2;1;1;0;0;
"KULTURA ";"BIBLIOTEKI";"Biblioteki publiczne wg organu prowadzącego (Wymiary: Organ prowadzący; Biblioteki)";"prowadzone przez gminę / miasto na prawach powiatu";"obiekty przystosowane dla osób poruszających się na wózkach inwalidzkich";"ob.";;;;;0;2;2;3;3;3;4;4;4;4;4;;;;;;;;;;;;;;;;
"KULTURA ";"BIBLIOTEKI";"Biblioteki publiczne wg organu prowadzącego (Wymiary: Organ prowadzący; Biblioteki)";"prowadzone przez gminę / miasto na prawach powiatu";"obiekty przystosowane dla osób niepełnosprawnych poruszających się na wózkach inwalidzkich: wejście do budynku";"ob.";;;;;;;;;;;;;;;;5;6;9;9;9;9;10;9;9;9;;;;;;
"KULTURA ";"BIBLIOTEKI";"Biblioteki publiczne wg organu prowadzącego (Wymiary: Organ prowadzący; Biblioteki)";"prowadzone przez gminę / miasto na prawach powiatu";"obiekty przystosowane dla osób niepełnosprawnych poruszających się na wózkach inwalidzkich: udogodnienia wewnątrz budynku";"ob.";;;;;;;;;;;;;;;;1;2;4;4;4;4;5;5;5;5;;;;;;
"KULTURA ";"BIBLIOTEKI";"Biblioteki publiczne wg organu prowadzącego (Wymiary: Organ prowadzący; Biblioteki)";"prowadzone przez gminę / miasto na prawach powiatu";"obiekty przystosowane do potrzeb osób niepełnosprawnych";"ob.";;;;;;;;;;;;;;;;;;;;;;;;;;9;9;8;8;9;
"KULTURA ";"BIBLIOTEKI";"Biblioteki publiczne wg organu prowadzącego (Wymiary: Organ prowadzący; Biblioteki)";"prowadzone przez gminę / miasto na prawach powiatu";"obiekty przystosowane do potrzeb osób niepełnosprawnych: wejście do budynku";"ob.";;;;;;;;;;;;;;;;;;;;;;;;;;9;9;8;8;9;
"KULTURA ";"BIBLIOTEKI";"Biblioteki publiczne wg organu prowadzącego (Wymiary: Organ prowadzący; Biblioteki)";"prowadzone przez gminę / miasto na prawach powiatu";"obiekty przystosowane do potrzeb osób niepełnosprawnych: udogodnienia wewnątrz budynku";"ob.";;;;;;;;;;;;;;;;;;;;;;;;;;6;5;5;5;6;
"KULTURA ";"BIBLIOTEKI";"Biblioteki publiczne wg organu prowadzącego (Wymiary: Organ prowadzący; Biblioteki)";"prowadzone przez powiat";"biblioteki";"ob.";;;;;1;0;;;;;;;;;;;;;;;;;;;;;;;;;
"KULTURA ";"BIBLIOTEKI";"Biblioteki publiczne wg organu prowadzącego (Wymiary: Organ prowadzący; Biblioteki)";"prowadzone przez powiat";"pracownicy bibliotek (działalności podstawowej)";"osoba";;;;;31;0;0;0;0;0;0;0;0;0;0;0;0;0;0;0;0;0;0;0;0;0;0;0;0;0;
"KULTURA ";"BIBLIOTEKI";"Biblioteki publiczne wg organu prowadzącego (Wymiary: Organ prowadzący; Biblioteki)";"prowadzone przez powiat";"księgozbiór";"wol.";;;;;121586;0;0;0;0;0;0;0;0;0;0;0;0;0;0;0;0;0;0;0;0;0;0;0;0;0;
"KULTURA ";"BIBLIOTEKI";"Biblioteki publiczne wg organu prowadzącego (Wymiary: Organ prowadzący; Biblioteki)";"prowadzone przez powiat";"czytelnicy w ciągu roku";"osoba";;;;;8381;0;0;0;0;0;0;0;0;0;0;0;0;0;0;0;0;0;0;0;0;0;0;0;0;0;
"KULTURA ";"BIBLIOTEKI";"Biblioteki publiczne wg organu prowadzącego (Wymiary: Organ prowadzący; Biblioteki)";"prowadzone przez powiat";"wypożyczenia księgozbioru na zewnątrz";"wol.";;;;;71336;0;0;0;0;0;0;0;0;0;0;0;0;0;0;0;0;0;0;0;0;0;0;0;0;0;
"KULTURA ";"BIBLIOTEKI";"Biblioteki publiczne wg organu prowadzącego (Wymiary: Organ prowadzący; Biblioteki)";"prowadzone przez powiat";"obiekty przystosowane dla osób poruszających się na wózkach inwalidzkich";"ob.";;;;;1;0;0;0;0;0;0;0;0;0;0;;;;;;;;;;;;;;;;
"KULTURA ";"BIBLIOTEKI";"Komputeryzacja bibliotek (Wymiary: Rodzaje bibliotek; Komputery)";"biblioteki publiczne";"komputery użytkowane w bibliotece ogółem";"szt.";;;;;;;;;;;;;;108;116;123;131;137;142;139;133;131;132;130;141;141;112;117;119;121;
"KULTURA ";"BIBLIOTEKI";"Komputeryzacja bibliotek (Wymiary: Rodzaje bibliotek; Komputery)";"biblioteki publiczne";"komputery użytkowane w bibliotece dostępne dla czytelników";"szt.";;;;;;;;;;;;;;42;45;50;53;56;61;61;60;57;57;56;55;46;33;32;25;22;
"KULTURA ";"BIBLIOTEKI";"Komputeryzacja bibliotek (Wymiary: Rodzaje bibliotek; Komputery)";"biblioteki publiczne";"komputery wykorzystywane do prac biblioteczno - bibliograficznych ogółem";"szt.";;;;;;;;;;;;;;89;91;96;47;48;52;;;;;;;;;;;;
"KULTURA ";"BIBLIOTEKI";"Komputeryzacja bibliotek (Wymiary: Rodzaje bibliotek; Komputery)";"biblioteki publiczne";"komputery wykorzystywane do prac w zakresie gromadzenia i/lub opracowywania biblioteczno - bibliograficznego";"szt.";;;;;;;;;;;;;;42;44;44;41;42;48;;;;;;;;;;;;
"KULTURA ";"BIBLIOTEKI";"Komputeryzacja bibliotek (Wymiary: Rodzaje bibliotek; Komputery)";"biblioteki publiczne";"komputery wykorzystywane do prac biblioteczno - bibliograficznych - terminale katalogowe dla czytelników";"szt.";;;;;;;;;;;;;;42;45;50;;;;;;;;;;;;;;;
"KULTURA ";"BIBLIOTEKI";"Komputeryzacja bibliotek (Wymiary: Rodzaje bibliotek; Komputery)";"biblioteki publiczne";"komputery wykorzystywane do prac biblioteczno - bibliograficznych - do ewidencji czytelników i udostępnień";"szt.";;;;;;;;;;;;;;5;21;18;19;25;25;;;;;;;;;;;;
"KULTURA ";"BIBLIOTEKI";"Komputeryzacja bibliotek (Wymiary: Rodzaje bibliotek; Komputery)";"biblioteki publiczne";"komputery podłączone do Internetu";"szt.";;;;;;;;;;;;;;91;99;112;115;132;132;;;;;;;;;;;;
"KULTURA ";"BIBLIOTEKI";"Komputeryzacja bibliotek (Wymiary: Rodzaje bibliotek; Komputery)";"biblioteki publiczne";"komputery podłączone do Internetu dostępne dla czytelników";"szt.";;;;;;;;;;;;;;42;45;50;47;56;61;61;60;57;57;56;55;46;33;32;25;22;
"KULTURA ";"BIBLIOTEKI";"Komputeryzacja bibliotek (Wymiary: Rodzaje bibliotek; Komputery)";"biblioteki publiczne";"biblioteki, które umożliwiają podłączenie komputera (urządzenia mobilnego) użytkownika do gniazda elektrycznego";"szt.";;;;;;;;;;;;;;;;;;;;15;14;12;12;12;;;;;;;
"KULTURA ";"BIBLIOTEKI";"Komputeryzacja bibliotek (Wymiary: Rodzaje bibliotek; Komputery)";"biblioteki publiczne";"biblioteki, które umożliwiają podłączenie komputera (urządzenia mobilnego) użytkownika do gniazda internetowego";"szt.";;;;;;;;;;;;;;;;;;;;0;3;1;0;0;;;;;;;
"KULTURA ";"BIBLIOTEKI";"Komputeryzacja bibliotek (Wymiary: Rodzaje bibliotek; Komputery)";"biblioteki publiczne";"biblioteki, które umożliwiają korzystanie z Internetu bezprzewodowego";"ob.";;;;;;;;;;;;;;;;;;;;3;4;4;3;3;3;3;3;2;3;3;
"KULTURA ";"BIBLIOTEKI";"Komputeryzacja bibliotek (Wymiary: Rodzaje bibliotek; Komputery)";"biblioteki publiczne";"biblioteki, które posiadają dostęp do Internetu szerokopasmowego";"ob.";;;;;;;;;;;;;;;;;;;;15;15;13;12;12;12;12;12;12;12;12;
"KULTURA ";"BIBLIOTEKI";"Komputeryzacja bibliotek (Wymiary: Rodzaje bibliotek; Komputery)";"biblioteki publiczne";"biblioteki, które oferują katalog on-line";"ob.";;;;;;;;;;;;;;;;;;;;15;15;14;12;12;12;12;12;12;12;12;
"KULTURA ";"BIBLIOTEKI";"Komputeryzacja bibliotek (Wymiary: Rodzaje bibliotek; Komputery)";"biblioteki publiczne";"biblioteki, które oferują możliwość zdalnego składania zamówień na materiały biblioteczne";"ob.";;;;;;;;;;;;;;;;;;;;14;14;13;12;12;12;12;12;12;12;12;
"KULTURA ";"BIBLIOTEKI";"Komputeryzacja bibliotek (Wymiary: Rodzaje bibliotek; Komputery)";"biblioteki naukowe, fachowe, pedagogiczne, fachowo-beletrystyczne, towarzystw naukowych, ośr. inf. naukowej, technicznej i ekonomicznej";"komputery użytkowane w bibliotece ogółem";"szt.";;;;;;;;;;;;;196;;224;;220;226;216;214;210;215;205;192;193;173;174;173;178;158;
"KULTURA ";"BIBLIOTEKI";"Komputeryzacja bibliotek (Wymiary: Rodzaje bibliotek; Komputery)";"biblioteki naukowe, fachowe, pedagogiczne, fachowo-beletrystyczne, towarzystw naukowych, ośr. inf. naukowej, technicznej i ekonomicznej";"komputery użytkowane w bibliotece dostępne dla czytelników";"szt.";;;;;;;;;;;;;129;;142;;127;130;123;161;162;130;134;118;104;101;101;100;100;103;
"KULTURA ";"BIBLIOTEKI";"Komputeryzacja bibliotek (Wymiary: Rodzaje bibliotek; Komputery)";"biblioteki naukowe, fachowe, pedagogiczne, fachowo-beletrystyczne, towarzystw naukowych, ośr. inf. naukowej, technicznej i ekonomicznej";"komputery wykorzystywane do prac biblioteczno - bibliograficznych ogółem";"szt.";;;;;;;;;;;;;88;;193;;65;68;64;;;;;;;;;;;;
"KULTURA ";"BIBLIOTEKI";"Komputeryzacja bibliotek (Wymiary: Rodzaje bibliotek; Komputery)";"biblioteki naukowe, fachowe, pedagogiczne, fachowo-beletrystyczne, towarzystw naukowych, ośr. inf. naukowej, technicznej i ekonomicznej";"komputery wykorzystywane do prac biblioteczno - bibliograficznych - terminale katalogowe dla czytelników";"szt.";;;;;;;;;;;;;40;;123;;;;;;;;;;;;;;;;
"KULTURA ";"BIBLIOTEKI";"Komputeryzacja bibliotek (Wymiary: Rodzaje bibliotek; Komputery)";"biblioteki naukowe, fachowe, pedagogiczne, fachowo-beletrystyczne, towarzystw naukowych, ośr. inf. naukowej, technicznej i ekonomicznej";"komputery wykorzystywane do prac biblioteczno - bibliograficznych - do ewidencji czytelników i udostępnień";"szt.";;;;;;;;;;;;;;;;;26;28;25;;;;;;;;;;;;
"KULTURA ";"BIBLIOTEKI";"Komputeryzacja bibliotek (Wymiary: Rodzaje bibliotek; Komputery)";"biblioteki naukowe, fachowe, pedagogiczne, fachowo-beletrystyczne, towarzystw naukowych, ośr. inf. naukowej, technicznej i ekonomicznej";"komputery podłączone do Internetu";"szt.";;;;;;;;;;;;;181;;188;;171;178;168;;;;;;;;;;;;
"KULTURA ";"BIBLIOTEKI";"Komputeryzacja bibliotek (Wymiary: Rodzaje bibliotek; Komputery)";"biblioteki naukowe, fachowe, pedagogiczne, fachowo-beletrystyczne, towarzystw naukowych, ośr. inf. naukowej, technicznej i ekonomicznej";"komputery podłączone do Internetu dostępne dla czytelników";"szt.";;;;;;;;;;;;;125;;108;;86;90;84;115;105;106;100;85;89;94;94;93;91;95;
"KULTURA ";"BIBLIOTEKI";"Komputeryzacja bibliotek (Wymiary: Rodzaje bibliotek; Komputery)";"biblioteki naukowe, fachowe, pedagogiczne, fachowo-beletrystyczne, towarzystw naukowych, ośr. inf. naukowej, technicznej i ekonomicznej";"biblioteki, które umożliwiają podłączenie komputera (urządzenia mobilnego) użytkownika do gniazda elektrycznego";"szt.";;;;;;;;;;;;;;;;;;;;8;6;6;6;5;;;;;;;
"KULTURA ";"BIBLIOTEKI";"Komputeryzacja bibliotek (Wymiary: Rodzaje bibliotek; Komputery)";"biblioteki naukowe, fachowe, pedagogiczne, fachowo-beletrystyczne, towarzystw naukowych, ośr. inf. naukowej, technicznej i ekonomicznej";"biblioteki, które umożliwiają podłączenie komputera (urządzenia mobilnego) użytkownika do gniazda internetowego";"szt.";;;;;;;;;;;;;;;;;;;;3;4;4;4;3;;;;;;;
"KULTURA ";"BIBLIOTEKI";"Komputeryzacja bibliotek (Wymiary: Rodzaje bibliotek; Komputery)";"biblioteki naukowe, fachowe, pedagogiczne, fachowo-beletrystyczne, towarzystw naukowych, ośr. inf. naukowej, technicznej i ekonomicznej";"biblioteki, które umożliwiają korzystanie z Internetu bezprzewodowego";"ob.";;;;;;;;;;;;;;;;;;;;3;5;5;5;4;3;5;5;5;5;5;
"KULTURA ";"BIBLIOTEKI";"Komputeryzacja bibliotek (Wymiary: Rodzaje bibliotek; Komputery)";"biblioteki naukowe, fachowe, pedagogiczne, fachowo-beletrystyczne, towarzystw naukowych, ośr. inf. naukowej, technicznej i ekonomicznej";"biblioteki, które posiadają dostęp do Internetu szerokopasmowego";"ob.";;;;;;;;;;;;;;;;;;;;3;7;5;5;6;7;7;7;7;7;7;
"KULTURA ";"BIBLIOTEKI";"Komputeryzacja bibliotek (Wymiary: Rodzaje bibliotek; Komputery)";"biblioteki naukowe, fachowe, pedagogiczne, fachowo-beletrystyczne, towarzystw naukowych, ośr. inf. naukowej, technicznej i ekonomicznej";"biblioteki, które oferują katalog on-line";"ob.";;;;;;;;;;;;;;;;;;;;6;6;6;7;6;6;6;6;6;5;6;
"KULTURA ";"BIBLIOTEKI";"Komputeryzacja bibliotek (Wymiary: Rodzaje bibliotek; Komputery)";"biblioteki naukowe, fachowe, pedagogiczne, fachowo-beletrystyczne, towarzystw naukowych, ośr. inf. naukowej, technicznej i ekonomicznej";"biblioteki, które oferują możliwość zdalnego składania zamówień na materiały biblioteczne";"ob.";;;;;;;;;;;;;;;;;;;;5;5;5;5;5;5;6;6;6;6;6;
"KULTURA ";"BIBLIOTEKI";"Udostępnianie zbiorów czytelnikom w bibliotekach innych niż publiczne (Wymiary: Udostępnienia; Rodzaj zbioru)";"na zewnątrz";"księgozbioru";"wol.";;;;;;;;;;;;;160938;;118851;;108121;82812;93533;66605;71437;64485;60502;55290;52622;46976;45393;49521;54067;61992;
"KULTURA ";"BIBLIOTEKI";"Udostępnianie zbiorów czytelnikom w bibliotekach innych niż publiczne (Wymiary: Udostępnienia; Rodzaj zbioru)";"na zewnątrz";"zbiorów specjalnych";"szt.";;;;;;;;;;;;;1121;;3780;;7015;56936;3974;4470;5044;5558;4926;5139;5248;3711;3311;3591;3573;3264;
"KULTURA ";"BIBLIOTEKI";"Udostępnianie zbiorów czytelnikom w bibliotekach innych niż publiczne (Wymiary: Udostępnienia; Rodzaj zbioru)";"na miejscu";"księgozbioru";"wol.";;;;;;;;;;;;;265345;;235057;;222749;204555;153821;128881;120105;96926;78378;66238;43180;14659;11800;17442;22833;45302;
"KULTURA ";"BIBLIOTEKI";"Udostępnianie zbiorów czytelnikom w bibliotekach innych niż publiczne (Wymiary: Udostępnienia; Rodzaj zbioru)";"na miejscu";"zbiorów specjalnych";"szt.";;;;;;;;;;;;;1497;;2979;;234;226;928;121;191;70;735;730;19;0;2;0;3;2;
"KULTURA ";"BIBLIOTEKI";"Wypożyczenia międzybiblioteczne w bibliotekach innych niż publiczne (Wymiary: Wypożyczenia; Rodzaj zbioru)";"wypożyczenia do bibliotek krajowych";"księgozbioru";"wol.";;;;;;;;;;;;;157;;33;;63;44;38;27;35;14;53;36;63;49;61;80;174;304;
"KULTURA ";"BIBLIOTEKI";"Wypożyczenia międzybiblioteczne w bibliotekach innych niż publiczne (Wymiary: Wypożyczenia; Rodzaj zbioru)";"wypożyczenia do bibliotek zagranicznych";"księgozbioru";"wol.";;;;;;;;;;;;;4;;7;;0;0;0;0;0;0;0;0;0;0;0;0;2;1;
"KULTURA ";"BIBLIOTEKI";"Wypożyczenia międzybiblioteczne w bibliotekach innych niż publiczne (Wymiary: Wypożyczenia; Rodzaj zbioru)";"wypożyczenia z bibliotek zagranicznych";"księgozbioru";"wol.";;;;;;;;;;;;;0;;0;;376;0;0;0;0;0;0;0;0;0;0;0;0;0;
"KULTURA ";"BIBLIOTEKI";"Wypożyczenia międzybiblioteczne w bibliotekach innych niż publiczne (Wymiary: Wypożyczenia; Rodzaj zbioru)";"wypożyczenia z bibliotek zagranicznych";"pozostałych zbiorów nieelektronicznych";"-";;;;;;;;;;;;;;;;;22;0;0;0;0;0;0;0;;;;;;;
