п»їп»їWskaЕєnik;Jednostka;1948;1949;1950;1951;1952;1953;1954;1955;1956;1957;1958;1959;1960;1961;1962;1963;1964;1965;1966;1967;1968;1969;1970;1971;1972;1973;1974;1975;1976;1977;1978;1979;1980;1981;1982;1983;1984;1985;1986;1987;1988;1989;1990;1991;1992;1993;1994;1995;1996;1997;1998
AdwentyЕ›ci Dnia SiГіdmego-Poruszenie Reformacyjne;;;;;;;;;;;;;;;;;;;;;;;;;;;;;;;;;;;;;;;;;;;;;;;;;;;
czЕ‚onkowie;osoba;.;.;.;.;.;.;.;.;.;.;.;.;.;.;.;.;.;.;.;.;.;.;.;.;.;.;.;.;.;.;.;.;.;.;.;.;.;.;.;.;.;.;57;.;55;51;65;74;85;88;83
duchowni;osoba;.;.;.;.;.;.;.;.;.;.;.;.;.;.;.;.;.;.;.;.;.;.;.;.;.;.;.;.;.;.;.;.;.;.;.;.;.;.;.;.;.;.;.;.;3;3;3;3;3;3;3
jednostki koЕ›cielne;szt.;.;.;.;.;.;.;.;.;.;.;.;.;.;.;.;.;.;.;.;.;.;.;.;.;.;.;.;.;.;.;.;.;.;.;.;.;.;.;.;.;.;.;2;.;3;3;3;3;4;3;3
ChrzeЕ›cijaЕ„ska WspГіlnota Ewangeliczna;;;;;;;;;;;;;;;;;;;;;;;;;;;;;;;;;;;;;;;;;;;;;;;;;;;
czЕ‚onkowie;osoba;.;.;.;.;.;.;.;.;.;.;.;.;.;.;.;.;.;.;.;.;.;.;.;.;.;.;.;.;.;.;.;.;.;.;.;.;.;.;вЂ”;вЂ”;вЂ”;вЂ”;.;.;42;35;40;50;100;80;140
duchowni;osoba;.;.;.;.;.;.;.;.;.;.;.;.;.;.;.;.;.;.;.;.;.;.;.;.;.;.;.;.;.;.;.;.;.;.;.;.;.;.;вЂ”;вЂ”;вЂ”;вЂ”;.;.;2;2;1;1;4;3;1
obiekty/miejsca sprawowania kultu;szt.;.;.;.;.;.;.;.;.;.;.;.;.;.;.;.;.;.;.;.;.;.;.;.;.;.;.;.;.;.;.;.;.;.;.;.;.;.;.;вЂ”;вЂ”;вЂ”;вЂ”;.;.;1;1;1;1;1;1;1
jednostki koЕ›cielne (zbory);szt.;.;.;.;.;.;.;.;.;.;.;.;.;.;.;.;.;.;.;.;.;.;.;.;.;.;.;.;.;.;.;.;.;.;.;.;.;.;.;вЂ”;вЂ”;вЂ”;вЂ”;.;.;вЂ”;1;1;1;1;1;1
ChrzeЕ›cijaЕ„ska WspГіlnota Jezus Panem;;;;;;;;;;;;;;;;;;;;;;;;;;;;;;;;;;;;;;;;;;;;;;;;;;;
czЕ‚onkowie;osoba;.;.;.;.;.;.;.;.;.;.;.;.;.;.;.;.;.;.;.;.;.;.;.;.;.;.;.;.;.;.;.;.;.;.;.;.;.;.;вЂ”;вЂ”;вЂ”;вЂ”;.;.;.;15;15;18;20;22;25
duchowni;osoba;.;.;.;.;.;.;.;.;.;.;.;.;.;.;.;.;.;.;.;.;.;.;.;.;.;.;.;.;.;.;.;.;.;.;.;.;.;.;вЂ”;вЂ”;вЂ”;вЂ”;.;.;.;1;1;1;1;1;1
obiekty/miejsca sprawowania kultu;szt.;.;.;.;.;.;.;.;.;.;.;.;.;.;.;.;.;.;.;.;.;.;.;.;.;.;.;.;.;.;.;.;.;.;.;.;.;.;.;вЂ”;вЂ”;вЂ”;вЂ”;.;.;.;1;1;1;1;1;1
jednostki koЕ›cielne;szt.;.;.;.;.;.;.;.;.;.;.;.;.;.;.;.;.;.;.;.;.;.;.;.;.;.;.;.;.;.;.;.;.;.;.;.;.;.;.;вЂ”;вЂ”;вЂ”;вЂ”;.;.;.;1;1;1;1;1;1
ChrzeЕ›cijaЕ„ska WspГіlnota ZielonoЕ›wiД…tkowa;;;;;;;;;;;;;;;;;;;;;;;;;;;;;;;;;;;;;;;;;;;;;;;;;;;
czЕ‚onkowie;osoba;.;.;.;.;.;.;.;.;.;.;.;.;.;.;.;.;.;.;.;.;.;.;.;.;.;.;.;.;.;.;.;.;.;.;.;.;.;.;900;850;910;1155;1270;1470;1545;1553;1588;.;.;.;.
duchowni;osoba;.;.;.;.;.;.;.;.;.;.;.;.;.;.;.;.;.;.;.;.;.;.;.;.;.;.;.;.;.;.;.;.;.;.;.;.;.;.;46;47;48;48;49;45;52;52;54;.;.;.;.
obiekty/miejsca sprawowania kultu (domy modlitwy);szt.;.;.;.;.;.;.;.;.;.;.;.;.;.;.;.;.;.;.;.;.;.;.;.;.;.;.;.;.;.;.;.;.;.;.;.;.;.;.;вЂ”;вЂ”;вЂ”;1;1;3;5;5;6;.;.;.;.
jednostki koЕ›cielne (zbory);szt.;.;.;.;.;.;.;.;.;.;.;.;.;.;.;.;.;.;.;.;.;.;.;.;.;.;.;.;.;.;.;.;.;.;.;.;.;.;.;11;13;13;12;13;13;14;15;16;.;.;.;.
Ewangeliczna WspГіlnota ZielonoЕ›wiД…tkowa;;;;;;;;;;;;;;;;;;;;;;;;;;;;;;;;;;;;;;;;;;;;;;;;;;;
czЕ‚onkowie;osoba;вЂ”;вЂ”;вЂ”;вЂ”;вЂ”;вЂ”;вЂ”;вЂ”;вЂ”;вЂ”;вЂ”;вЂ”;вЂ”;вЂ”;вЂ”;вЂ”;вЂ”;вЂ”;.;.;.;.;.;.;.;.;.;.;.;.;.;.;312;320;326;330;449;449;455;461;467;465;465;375;396;396;393;475;480;479;521
duchowni;osoba;вЂ”;вЂ”;вЂ”;вЂ”;вЂ”;вЂ”;вЂ”;вЂ”;вЂ”;вЂ”;вЂ”;вЂ”;вЂ”;вЂ”;вЂ”;вЂ”;вЂ”;вЂ”;.;.;.;.;.;.;.;.;.;.;.;.;.;.;8;8;8;8;7;7;7;7;7;9;9;9;9;9;5;10;28;28;28
obiekty/miejsca sprawowania kultu (domy modlitwy);szt.;вЂ”;вЂ”;вЂ”;вЂ”;вЂ”;вЂ”;вЂ”;вЂ”;вЂ”;вЂ”;вЂ”;вЂ”;вЂ”;вЂ”;вЂ”;вЂ”;вЂ”;вЂ”;.;.;.;.;.;.;.;.;.;.;.;.;.;.;вЂ”;вЂ”;1;1;1;1;1;1;1;2;3;3;4;4;4;4;4;4;4
jednostki koЕ›cielne (zbory);szt.;вЂ”;вЂ”;вЂ”;вЂ”;вЂ”;вЂ”;вЂ”;вЂ”;вЂ”;вЂ”;вЂ”;вЂ”;вЂ”;вЂ”;вЂ”;вЂ”;вЂ”;вЂ”;.;.;.;.;.;.;.;.;.;.;.;.;.;.;3;3;3;3;3;3;3;3;3;3;1;4;4;4;4;6;6;6;6
Ewangeliczny ZwiД…zek Braterski;;;;;;;;;;;;;;;;;;;;;;;;;;;;;;;;;;;;;;;;;;;;;;;;;;;
czЕ‚onkowie;osoba;вЂ”;вЂ”;вЂ”;вЂ”;вЂ”;вЂ”;вЂ”;вЂ”;вЂ”;вЂ”;вЂ”;вЂ”;вЂ”;вЂ”;вЂ”;вЂ”;вЂ”;вЂ”;вЂ”;вЂ”;вЂ”;вЂ”;вЂ”;вЂ”;вЂ”;вЂ”;вЂ”;вЂ”;вЂ”;вЂ”;вЂ”;вЂ”;вЂ”;вЂ”;вЂ”;вЂ”;вЂ”;вЂ”;вЂ”;.;350;320;370;430;420;630;760;760;540;525;535
duchowni;osoba;вЂ”;вЂ”;вЂ”;вЂ”;вЂ”;вЂ”;вЂ”;вЂ”;вЂ”;вЂ”;вЂ”;вЂ”;вЂ”;вЂ”;вЂ”;вЂ”;вЂ”;вЂ”;вЂ”;вЂ”;вЂ”;вЂ”;вЂ”;вЂ”;вЂ”;вЂ”;вЂ”;вЂ”;вЂ”;вЂ”;вЂ”;вЂ”;вЂ”;вЂ”;вЂ”;вЂ”;вЂ”;вЂ”;вЂ”;1;20;18;18;23;19;17;21;21;21;22;25
obiekty/miejsca sprawowania kultu (domy modlitwy);szt.;вЂ”;вЂ”;вЂ”;вЂ”;вЂ”;вЂ”;вЂ”;вЂ”;вЂ”;вЂ”;вЂ”;вЂ”;вЂ”;вЂ”;вЂ”;вЂ”;вЂ”;вЂ”;вЂ”;вЂ”;вЂ”;вЂ”;вЂ”;вЂ”;вЂ”;вЂ”;вЂ”;вЂ”;вЂ”;вЂ”;вЂ”;вЂ”;вЂ”;вЂ”;вЂ”;вЂ”;вЂ”;вЂ”;.;2;5;9;9;8;7;8;8;8;6;8;8
jednostki koЕ›cielne (zbory i placГіwki);szt.;вЂ”;вЂ”;вЂ”;вЂ”;вЂ”;вЂ”;вЂ”;вЂ”;вЂ”;вЂ”;вЂ”;вЂ”;вЂ”;вЂ”;вЂ”;вЂ”;вЂ”;вЂ”;вЂ”;вЂ”;вЂ”;вЂ”;вЂ”;вЂ”;вЂ”;вЂ”;вЂ”;вЂ”;вЂ”;вЂ”;вЂ”;вЂ”;вЂ”;вЂ”;вЂ”;вЂ”;вЂ”;вЂ”;.;15;20;24;24;25;.;20;23;24;30;27;27
Jednota Braci Polskich;;;;;;;;;;;;;;;;;;;;;;;;;;;;;;;;;;;;;;;;;;;;;;;;;;;
czЕ‚onkowie;osoba;.;.;.;.;.;.;.;.;.;130;140;250;250;250;250;250;250;200;250;.;.;.;112;.;.;30;22;22;22;22;22;22;50;50;50;44;74;88;120;151;170;205;132;161;174;212;164;72;200;160;225
duchowni;osoba;.;.;.;.;.;.;.;.;1;1;1;вЂ”;вЂ”;вЂ”;вЂ”;вЂ”;вЂ”;вЂ”;вЂ”;вЂ”;вЂ”;вЂ”;вЂ”;вЂ”;вЂ”;вЂ”;вЂ”;вЂ”;вЂ”;вЂ”;вЂ”;вЂ”;вЂ”;вЂ”;вЂ”;вЂ”;12;13;15;16;16;15;15;19;22;22;15;20;21;15;18
obiekty/miejsca sprawowania kultu;szt.;.;.;.;.;.;.;.;.;вЂ”;вЂ”;вЂ”;вЂ”;вЂ”;1;вЂ”;1;1;1;1;1;1;1;вЂ”;вЂ”;вЂ”;вЂ”;вЂ”;1;вЂ”;вЂ”;вЂ”;вЂ”;вЂ”;вЂ”;вЂ”;вЂ”;1;1;1;1;1;1;1;1;1;1;1;1;1;1;1
jednostki koЕ›cielne (zbory);szt.;.;.;.;.;.;.;.;.;1;1;1;1;1;1;1;1;1;2;2;2;2;2;2;1;1;1;1;1;1;1;1;1;1;1;1;1;2;2;3;3;3;3;3;.;5;7;7;7;7;7;7
KoЕ›ciГіЕ‚ AdwentystГіw Dnia SiГіdmego;;;;;;;;;;;;;;;;;;;;;;;;;;;;;;;;;;;;;;;;;;;;;;;;;;;
czЕ‚onkowie (doroЕ›li ochrzczeni, dzieci i mЕ‚odzieЕј, stali sympatycy);osoba;5781;.;.;5488;5005;.;.;.;.;5105;5378;5642;5926;5988;.;6309;6235;.;6411;6586;6500;6620;6750;6800;.;6901;6700;6630;6600;6505;6530;6794;6963;6809;7289;7289;8060;8229;8997;10В 036;9398;9236;9618;8418;8915;8963;10В 024;6958;6720;7389;9189
duchowni;osoba;27;.;.;38;49;.;.;.;.;53;70;53;51;51;.;60;57;54;65;64;63;62;61;58;57;55;60;67;66;66;71;68;64;64;69;74;81;84;94;92;94;89;89;86;91;87;81;79;68;83;76
obiekty/miejsca sprawowania kultu (koЕ›cioЕ‚y, kaplice, domy modlitwy: wЕ‚asne, wynajД™te i w mieszkaniach prywatnych);szt.;.;.;.;62;.;.;.;.;.;.;72;73;75;.;.;.;95;105;110;108;109;112;115;114;115;117;117;124;124;122;124;124;120;120;123;120;121;121;124;125;123;123;123;110;111;65;69;68;78;94;80
jednostki koЕ›cielne (zbory i grupy);szt.;95;.;.;70;106;.;.;.;.;103;72;83;85;91;.;96;96;105;110;108;109;112;115;114;115;117;117;124;124;124;120;120;120;120;123;120;121;121;124;125;123;123;123;99;135;129;160;138;140;142;139
KoЕ›ciГіЕ‚ BoЕјy w Chrystusie;;;;;;;;;;;;;;;;;;;;;;;;;;;;;;;;;;;;;;;;;;;;;;;;;;;
czЕ‚onkowie;osoba;вЂ”;вЂ”;вЂ”;вЂ”;вЂ”;вЂ”;вЂ”;вЂ”;.;.;.;.;.;.;.;.;.;.;.;.;.;.;.;.;.;.;.;.;.;.;.;.;.;.;.;.;.;.;.;.;350;.;635;727;890;982;1155;1252;1300;1347;1555
duchowni;osoba;вЂ”;вЂ”;вЂ”;вЂ”;вЂ”;вЂ”;вЂ”;вЂ”;.;.;.;.;.;.;.;.;.;.;.;.;.;.;.;.;.;.;.;.;.;.;.;.;.;.;.;.;.;.;.;.;28;.;39;30;48;72;72;75;89;73;154
obiekty/miejsca sprawowania kultu (kaplice wЕ‚asne);szt.;вЂ”;вЂ”;вЂ”;вЂ”;вЂ”;вЂ”;вЂ”;вЂ”;.;.;.;.;.;.;.;.;.;.;.;.;.;.;.;.;.;.;.;.;.;.;.;.;.;.;.;.;.;.;.;.;10;.;2;5;6;8;6;6;6;5;6
jednostki koЕ›cielne (zbory i placГіwki);szt.;вЂ”;вЂ”;вЂ”;вЂ”;вЂ”;вЂ”;вЂ”;вЂ”;.;.;.;.;.;.;.;.;.;.;.;.;.;.;.;.;.;.;.;.;.;.;.;.;.;.;.;.;.;.;.;.;10;.;14;9;16;17;19;18;22;21;23
KoЕ›ciГіЕ‚ ChrzeЕ›cijan BaptystГіw;;;;;;;;;;;;;;;;;;;;;;;;;;;;;;;;;;;;;;;;;;;;;;;;;;;
czЕ‚onkowie (doroЕ›li ochrzczeni, dzieci i mЕ‚odzieЕј, stali sympatycy);osoba;4146;.;.;5284;4206;4230;.;.;4334;4007;3920;4060;4033;3943;.;4305;4110;.;3986;4065;3984;4040;3984;.;.;.;.;6061;6061;5734;5734;5734;5734;5765;5925;6023;6103;6103;6140;6146;6146;6157;6174;5037;5340;5447;5589;5870;5894;6218;4107
duchowni (ordynowani i diakoni);osoba;49;.;.;35;32;35;.;.;33;35;.;35;37;37;.;61;61;64;64;64;64;63;69;68;69;68;68;60;60;60;60;60;60;60;59;61;63;61;64;64;69;67;65;66;67;65;65;66;64;88;86
obiekty/miejsca sprawowania kultu (kaplice, domy zborowe: wЕ‚asne i wynajД™te);szt.;29;.;.;31;33;46;.;.;30;30;.;30;30;30;.;37;30;37;38;39;40;41;41;44;44;47;53;53;53;54;56;56;56;56;58;61;63;63;64;64;65;65;66;68;67;67;64;62;61;64;65
jednostki koЕ›cielne (zbory i placГіwki);szt.;70;.;.;64;64;64;.;.;64;64;64;63;79;79;.;114;119;119;121;121;121;124;124;125;125;127;127;127;127;127;127;128;128;128;128;129;129;128;127;127;128;129;111;98;95;92;92;100;109;82;94
KoЕ›ciГіЕ‚ ChrzeЕ›cijan Dnia Sobotniego;;;;;;;;;;;;;;;;;;;;;;;;;;;;;;;;;;;;;;;;;;;;;;;;;;;
czЕ‚onkowie;osoba;.;.;.;.;.;.;.;.;.;.;368;378;388;389;.;401;375;.;351;339;341;.;346;366;.;378;.;384;404;.;422;434;.;437;437;490;470;480;.;505;546;528;338;362;270;385;413;280;268;.;.
duchowni (sЕ‚udzy dzieЕ‚a misyjnego);osoba;.;.;.;.;.;.;.;.;.;.;.;.;8;14;.;16;16;14;14;14;14;13;13;12;12;12;12;12;17;12;19;19;12;20;20;21;21;22;21;21;21;21;19;6;11;15;15;10;10;10;31
obiekty/miejsca sprawowania kultu (wЕ‚asne);szt.;.;.;.;.;.;.;.;.;.;.;.;.;вЂ”;вЂ”;.;вЂ”;вЂ”;вЂ”;вЂ”;вЂ”;вЂ”;вЂ”;вЂ”;вЂ”;вЂ”;вЂ”;вЂ”;вЂ”;вЂ”;вЂ”;вЂ”;вЂ”;вЂ”;вЂ”;2;2;3;5;6;6;7;7;7;5;5;7;7;7;7;7;7
jednostki koЕ›cielne (zbory i placГіwki);szt.;.;.;.;.;.;.;.;.;.;.;41;36;37;36;.;35;35;35;34;34;36;35;34;34;34;33;32;34;37;37;38;39;38;40;40;41;41;30;31;31;31;31;20;19;17;17;17;20;21;24;24
KoЕ›ciГіЕ‚ ChrzeЕ›cijan PeЕ‚nej Ewangelii Jezusa Chrystusa;;;;;;;;;;;;;;;;;;;;;;;;;;;;;;;;;;;;;;;;;;;;;;;;;;;
czЕ‚onkowie;osoba;вЂ”;вЂ”;вЂ”;вЂ”;вЂ”;вЂ”;вЂ”;вЂ”;вЂ”;вЂ”;вЂ”;вЂ”;вЂ”;вЂ”;вЂ”;вЂ”;вЂ”;вЂ”;вЂ”;вЂ”;вЂ”;вЂ”;вЂ”;вЂ”;вЂ”;вЂ”;вЂ”;вЂ”;вЂ”;вЂ”;вЂ”;вЂ”;вЂ”;вЂ”;вЂ”;вЂ”;вЂ”;вЂ”;вЂ”;вЂ”;.;.;.;.;70;51;55;45;.;.;.
duchowni;osoba;вЂ”;вЂ”;вЂ”;вЂ”;вЂ”;вЂ”;вЂ”;вЂ”;вЂ”;вЂ”;вЂ”;вЂ”;вЂ”;вЂ”;вЂ”;вЂ”;вЂ”;вЂ”;вЂ”;вЂ”;вЂ”;вЂ”;вЂ”;вЂ”;вЂ”;вЂ”;вЂ”;вЂ”;вЂ”;вЂ”;вЂ”;вЂ”;вЂ”;вЂ”;вЂ”;вЂ”;вЂ”;вЂ”;вЂ”;вЂ”;.;.;.;.;8;4;3;3;.;.;.
obiekty/miejsca sprawowania kultu;szt.;вЂ”;вЂ”;вЂ”;вЂ”;вЂ”;вЂ”;вЂ”;вЂ”;вЂ”;вЂ”;вЂ”;вЂ”;вЂ”;вЂ”;вЂ”;вЂ”;вЂ”;вЂ”;вЂ”;вЂ”;вЂ”;вЂ”;вЂ”;вЂ”;вЂ”;вЂ”;вЂ”;вЂ”;вЂ”;вЂ”;вЂ”;вЂ”;вЂ”;вЂ”;вЂ”;вЂ”;вЂ”;вЂ”;вЂ”;вЂ”;.;.;.;.;2;1;1;1;.;.;.
jednostki koЕ›cielne;szt.;вЂ”;вЂ”;вЂ”;вЂ”;вЂ”;вЂ”;вЂ”;вЂ”;вЂ”;вЂ”;вЂ”;вЂ”;вЂ”;вЂ”;вЂ”;вЂ”;вЂ”;вЂ”;вЂ”;вЂ”;вЂ”;вЂ”;вЂ”;вЂ”;вЂ”;вЂ”;вЂ”;вЂ”;вЂ”;вЂ”;вЂ”;вЂ”;вЂ”;вЂ”;вЂ”;вЂ”;вЂ”;вЂ”;вЂ”;вЂ”;.;.;.;.;1;1;1;1;.;.;.
KoЕ›ciГіЕ‚ ChrzeЕ›cijan w RP;;;;;;;;;;;;;;;;;;;;;;;;;;;;;;;;;;;;;;;;;;;;;;;;;;;
czЕ‚onkowie;osoba;вЂ”;вЂ”;вЂ”;вЂ”;вЂ”;вЂ”;вЂ”;вЂ”;вЂ”;вЂ”;вЂ”;вЂ”;вЂ”;вЂ”;вЂ”;вЂ”;вЂ”;вЂ”;вЂ”;вЂ”;вЂ”;вЂ”;вЂ”;вЂ”;вЂ”;вЂ”;вЂ”;вЂ”;вЂ”;вЂ”;вЂ”;вЂ”;вЂ”;вЂ”;вЂ”;вЂ”;вЂ”;вЂ”;вЂ”;вЂ”;вЂ”;вЂ”;вЂ”;.;27;76;45;55;56;55;вЂ”
duchowni;osoba;вЂ”;вЂ”;вЂ”;вЂ”;вЂ”;вЂ”;вЂ”;вЂ”;вЂ”;вЂ”;вЂ”;вЂ”;вЂ”;вЂ”;вЂ”;вЂ”;вЂ”;вЂ”;вЂ”;вЂ”;вЂ”;вЂ”;вЂ”;вЂ”;вЂ”;вЂ”;вЂ”;вЂ”;вЂ”;вЂ”;вЂ”;вЂ”;вЂ”;вЂ”;вЂ”;вЂ”;вЂ”;вЂ”;вЂ”;вЂ”;вЂ”;вЂ”;вЂ”;.;2;6;4;5;5;6;вЂ”
jednostki koЕ›cielne (zbory);szt.;вЂ”;вЂ”;вЂ”;вЂ”;вЂ”;вЂ”;вЂ”;вЂ”;вЂ”;вЂ”;вЂ”;вЂ”;вЂ”;вЂ”;вЂ”;вЂ”;вЂ”;вЂ”;вЂ”;вЂ”;вЂ”;вЂ”;вЂ”;вЂ”;вЂ”;вЂ”;вЂ”;вЂ”;вЂ”;вЂ”;вЂ”;вЂ”;вЂ”;вЂ”;вЂ”;вЂ”;вЂ”;вЂ”;вЂ”;вЂ”;вЂ”;вЂ”;вЂ”;.;1;3;3;3;2;4;вЂ”
KoЕ›ciГіЕ‚ ChrzeЕ›cijan Wiary Ewangelicznej;;;;;;;;;;;;;;;;;;;;;;;;;;;;;;;;;;;;;;;;;;;;;;;;;;;
czЕ‚onkowie;osoba;.;.;2223;2579;.;вЂ”;вЂ”;вЂ”;вЂ”;вЂ”;вЂ”;вЂ”;вЂ”;вЂ”;вЂ”;вЂ”;вЂ”;вЂ”;вЂ”;вЂ”;вЂ”;вЂ”;вЂ”;вЂ”;вЂ”;вЂ”;вЂ”;вЂ”;вЂ”;вЂ”;вЂ”;вЂ”;вЂ”;вЂ”;вЂ”;вЂ”;вЂ”;вЂ”;вЂ”;вЂ”;4064;.;1460;.;1750;.;.;.;.;.;.
duchowni;osoba;.;.;.;.;.;вЂ”;вЂ”;вЂ”;вЂ”;вЂ”;вЂ”;вЂ”;вЂ”;вЂ”;вЂ”;вЂ”;вЂ”;вЂ”;.;вЂ”;вЂ”;вЂ”;вЂ”;вЂ”;вЂ”;вЂ”;вЂ”;вЂ”;вЂ”;вЂ”;вЂ”;вЂ”;вЂ”;вЂ”;вЂ”;вЂ”;вЂ”;вЂ”;вЂ”;вЂ”;45;.;32;.;28;.;.;.;.;.;.
obiekty/miejsca sprawowania kultu (kaplice);szt.;.;.;.;.;.;вЂ”;вЂ”;вЂ”;вЂ”;вЂ”;вЂ”;вЂ”;вЂ”;вЂ”;вЂ”;вЂ”;вЂ”;вЂ”;.;вЂ”;вЂ”;вЂ”;вЂ”;вЂ”;вЂ”;вЂ”;вЂ”;вЂ”;вЂ”;вЂ”;вЂ”;вЂ”;вЂ”;вЂ”;вЂ”;вЂ”;вЂ”;вЂ”;вЂ”;вЂ”;2;.;5;.;5;.;.;.;.;.;.
jednostki koЕ›cielne (zbory i placГіwki);szt.;.;.;.;55;.;вЂ”;.;вЂ”;вЂ”;вЂ”;вЂ”;вЂ”;вЂ”;вЂ”;вЂ”;вЂ”;вЂ”;вЂ”;.;вЂ”;вЂ”;вЂ”;вЂ”;вЂ”;вЂ”;вЂ”;вЂ”;вЂ”;вЂ”;вЂ”;вЂ”;вЂ”;вЂ”;вЂ”;вЂ”;вЂ”;вЂ”;вЂ”;вЂ”;вЂ”;13;.;19;.;18;.;.;.;.;.;.
KoЕ›ciГіЕ‚ ChrzeЕ›cijaЕ„ski ARKA w Poznaniu;;;;;;;;;;;;;;;;;;;;;;;;;;;;;;;;;;;;;;;;;;;;;;;;;;;
czЕ‚onkowie;osoba;.;.;.;.;.;.;.;.;.;.;.;.;.;.;.;.;.;.;.;.;.;.;.;.;.;.;.;.;.;.;.;.;.;.;.;.;.;.;.;.;.;.;.;.;40;.;.;180;200;70;95
duchowni;osoba;.;.;.;.;.;.;.;.;.;.;.;.;.;.;.;.;.;.;.;.;.;.;.;.;.;.;.;.;.;.;.;.;.;.;.;.;.;.;.;.;.;.;.;.;2;.;.;3;5;4;4
jednostki koЕ›cielne;szt.;.;.;.;.;.;.;.;.;.;.;.;.;.;.;.;.;.;.;.;.;.;.;.;.;.;.;.;.;.;.;.;.;.;.;.;.;.;.;.;.;.;.;.;.;.;.;.;1;1;1;1
KoЕ›ciГіЕ‚ ChrzeЕ›cijaЕ„ski w Duchu Prawdy i Pokoju;;;;;;;;;;;;;;;;;;;;;;;;;;;;;;;;;;;;;;;;;;;;;;;;;;;
czЕ‚onkowie;osoba;вЂ”;вЂ”;вЂ”;вЂ”;вЂ”;вЂ”;вЂ”;вЂ”;вЂ”;вЂ”;вЂ”;вЂ”;вЂ”;вЂ”;вЂ”;вЂ”;вЂ”;вЂ”;вЂ”;вЂ”;вЂ”;вЂ”;вЂ”;вЂ”;вЂ”;вЂ”;вЂ”;.;.;.;.;.;.;.;.;.;.;.;.;.;.;.;.;.;65;77;93;97;107;129;117
duchowni;osoba;вЂ”;вЂ”;вЂ”;вЂ”;вЂ”;вЂ”;вЂ”;вЂ”;вЂ”;вЂ”;вЂ”;вЂ”;вЂ”;вЂ”;вЂ”;вЂ”;вЂ”;вЂ”;вЂ”;вЂ”;вЂ”;вЂ”;вЂ”;вЂ”;вЂ”;вЂ”;вЂ”;.;.;.;.;.;.;.;.;.;.;.;.;.;.;.;.;.;6;7;11;12;10;13;7
obiekty/miejsca sprawowania kultu;szt.;вЂ”;вЂ”;вЂ”;вЂ”;вЂ”;вЂ”;вЂ”;вЂ”;вЂ”;вЂ”;вЂ”;вЂ”;вЂ”;вЂ”;вЂ”;вЂ”;вЂ”;вЂ”;вЂ”;вЂ”;вЂ”;вЂ”;вЂ”;вЂ”;вЂ”;вЂ”;вЂ”;.;.;.;.;.;.;.;.;.;.;.;.;.;.;.;.;.;3;1;.;.;2;4;4
jednostki koЕ›cielne;szt.;вЂ”;вЂ”;вЂ”;вЂ”;вЂ”;вЂ”;вЂ”;вЂ”;вЂ”;вЂ”;вЂ”;вЂ”;вЂ”;вЂ”;вЂ”;вЂ”;вЂ”;вЂ”;вЂ”;вЂ”;вЂ”;вЂ”;вЂ”;вЂ”;вЂ”;вЂ”;вЂ”;.;.;.;.;.;.;.;.;.;.;.;.;.;.;.;.;.;3;3;4;6;6;5;4
KoЕ›ciГіЕ‚ Chrystusowy;;;;;;;;;;;;;;;;;;;;;;;;;;;;;;;;;;;;;;;;;;;;;;;;;;;
czЕ‚onkowie;osoba;.;.;.;.;.;.;.;.;.;.;.;.;.;.;.;.;.;.;.;.;.;.;.;.;.;.;.;.;.;.;.;.;.;.;5000;.;5400;5350;4300;4800;4600;.;4651;4798;5009;5256;5900;4478;4100;3500;3511
duchowni;osoba;.;.;.;.;.;.;.;.;.;.;.;.;.;.;.;.;.;.;.;.;.;.;.;.;.;.;.;.;.;.;.;.;.;.;21;21;24;26;25;27;26;.;27;25;26;29;35;30;32;38;34
obiekty/miejsca sprawowania kultu (domy modlitwy);szt.;.;.;.;.;.;.;.;.;.;.;.;.;.;.;.;.;.;.;.;.;.;.;.;.;.;.;.;.;.;.;.;.;.;.;вЂ”;вЂ”;3;3;4;6;4;.;4;5;5;6;7;5;5;4;5
jednostki koЕ›cielne (zbory);szt.;.;.;.;.;.;.;.;.;.;.;.;.;.;.;.;.;.;.;.;.;.;.;.;.;.;.;.;.;.;.;.;.;.;.;19;19;21;20;19;22;20;.;20;12;13;14;16;14;7;14;13
KoЕ›ciГіЕ‚ Ewangelicko-Augsburski;;;;;;;;;;;;;;;;;;;;;;;;;;;;;;;;;;;;;;;;;;;;;;;;;;;
czЕ‚onkowie;osoba;234В 857;.;.;149В 112;175В 700;152В 553;.;.;143В 348;.;109В 366;106В 338;117В 734;109В 259;.;100В 336;100В 907;.;97В 125;95В 313;94В 655;.;90В 866;82В 764;.;80В 246;79В 995;79В 421;72В 310;75В 705;75В 433;75В 384;69В 158;71В 852;73В 818;74В 323;75В 284;75В 081;90В 448;91В 037;91В 038;91В 126;100В 000;100В 000;100В 000;85В 000;85В 000;85В 290;87В 291;87В 304;87В 484
duchowni (ksiД™Ејa);osoba;67;.;.;75;95;100;.;.;101;.;106;112;114;.;.;.;.;117;117;110;107;108;110;100;107;101;102;107;100;98;98;92;89;92;89;87;86;90;93;93;115;117;120;120;123;130;135;136;141;121;121
obiekty/miejsca sprawowania kultu (koЕ›cioЕ‚y i kaplice);szt.;399;.;.;403;.;454;.;.;388;.;.;376;391;.;.;.;.;369;360;362;368;348;334;317;362;359;355;309;356;305;353;358;346;352;331;336;335;329;372;328;322;328;328;328;448;326;323;317;277;277;277
jednostki koЕ›cielne (parafie i filie parafialne);szt.;.;.;.;.;128;.;.;.;.;131;.;132;132;125;125;125;125;125;125;125;125;123;123;123;124;124;123;122;122;122;122;122;122;122;121;122;121;121;121;121;121;121;122;121;121;124;124;285;276;275;275
KoЕ›ciГіЕ‚ Ewangelicko-Metodystyczny;;;;;;;;;;;;;;;;;;;;;;;;;;;;;;;;;;;;;;;;;;;;;;;;;;;
czЕ‚onkowie;osoba;13В 000;.;.;16В 177;16В 468;13В 226;.;.;.;8727;6225;6067;5791;5970;.;5311;5284;.;4603;3817;4330;4001;4155;4133;.;3824;3837;3782;3815;3802;3902;3797;3829;3930;4040;4052;4248;4250;4275;4280;4280;3012;3012;2963;3039;3798;4338;4344;4349;4349;4354
duchowni (ordynowani kaznodzieje, probatorzy, kaznodzieje Е›wieccy);osoba;56;.;.;63;52;59;.;.;.;45;46;45;46;43;.;37;37;35;38;39;39;38;40;41;40;40;40;44;39;39;38;38;36;36;36;35;35;38;37;38;36;40;41;41;41;36;36;34;32;30;31
obiekty/miejsca sprawowania kultu (koЕ›cioЕ‚y, kaplice, domy modlitwy: wЕ‚asne i wynajД™te);szt.;56;.;.;72;.;89;.;.;.;46;46;49;51;53;.;44;48;53;53;52;52;53;53;64;64;64;66;66;66;65;62;62;56;56;56;54;55;55;55;54;49;51;51;50;51;46;46;46;48;49;47
jednostki koЕ›cielne (parafie i filie parafialne);szt.;95;.;.;104;107;101;.;.;.;79;79;69;74;67;62;52;55;53;53;52;52;53;62;64;64;64;66;66;66;66;65;65;60;60;60;59;60;60;60;59;51;47;43;41;42;48;48;48;48;48;47
KoЕ›ciГіЕ‚ Ewangelicko-Reformowany;;;;;;;;;;;;;;;;;;;;;;;;;;;;;;;;;;;;;;;;;;;;;;;;;;;
czЕ‚onkowie (Е‚Д…cznie z diasporД…);osoba;1822;.;.;4668;.;4720;.;.;4619;4650;4600;4650;4650;4100;.;4450;4500;.;5000;5000;5000;5000;5000;5000;5000;4050;5000;4500;4500;4500;4500;.;4500;4500;4500;4500;4500;4500;4500;4500;4500;4500;4000;4000;4500;4000;4000;4000;3980;.;3610
duchowni (ksiД™Ејa);osoba;3;.;.;4;.;5;.;.;6;6;6;.;.;7;.;8;7;7;7;7;8;8;8;8;7;8;7;7;7;7;7;4;5;4;4;4;4;5;5;6;6;7;7;8;9;9;9;10;8;.;9
obiekty/miejsca sprawowania kultu (koЕ›cioЕ‚y i kaplice);szt.;6;.;.;9;.;9;.;.;9;9;9;.;.;8;.;12;12;14;14;16;16;16;14;14;14;14;14;14;14;14;14;14;14;13;12;12;12;13;13;13;13;13;13;12;12;12;12;12;13;.;13
jednostki koЕ›cielne (parafie);szt.;5;.;.;9;.;9;.;.;9;9;9;9;9;9;.;9;9;8;8;8;7;8;8;8;15;14;8;8;8;8;8;8;8;8;8;9;9;10;10;10;10;10;10;10;10;10;10;10;10;.;11
KoЕ›ciГіЕ‚ Ewangelicznych ChrzeЕ›cijan;;;;;;;;;;;;;;;;;;;;;;;;;;;;;;;;;;;;;;;;;;;;;;;;;;;
czЕ‚onkowie;osoba;вЂ”;вЂ”;вЂ”;вЂ”;вЂ”;вЂ”;вЂ”;вЂ”;вЂ”;вЂ”;вЂ”;вЂ”;вЂ”;вЂ”;вЂ”;вЂ”;вЂ”;вЂ”;вЂ”;вЂ”;вЂ”;вЂ”;вЂ”;вЂ”;вЂ”;вЂ”;вЂ”;вЂ”;вЂ”;вЂ”;вЂ”;вЂ”;вЂ”;вЂ”;вЂ”;вЂ”;вЂ”;вЂ”;вЂ”;вЂ”;1830;2010;.;.;1440;.;.;1835;2305;2500;2500
duchowni;osoba;вЂ”;вЂ”;вЂ”;вЂ”;вЂ”;вЂ”;вЂ”;вЂ”;вЂ”;вЂ”;вЂ”;вЂ”;вЂ”;вЂ”;вЂ”;вЂ”;вЂ”;вЂ”;вЂ”;вЂ”;вЂ”;вЂ”;вЂ”;вЂ”;вЂ”;вЂ”;вЂ”;вЂ”;вЂ”;вЂ”;вЂ”;вЂ”;вЂ”;вЂ”;вЂ”;вЂ”;вЂ”;вЂ”;вЂ”;вЂ”;38;46;.;.;42;.;.;41;50;50;59
obiekty/miejsca sprawowania kultu (domy modlitwy);szt.;вЂ”;вЂ”;вЂ”;вЂ”;вЂ”;вЂ”;вЂ”;вЂ”;вЂ”;вЂ”;вЂ”;вЂ”;вЂ”;вЂ”;вЂ”;вЂ”;вЂ”;вЂ”;вЂ”;вЂ”;вЂ”;вЂ”;вЂ”;вЂ”;вЂ”;вЂ”;вЂ”;вЂ”;вЂ”;вЂ”;вЂ”;вЂ”;вЂ”;вЂ”;вЂ”;вЂ”;вЂ”;вЂ”;вЂ”;вЂ”;55;53;.;.;29;.;.;35;40;42;40
jednostki koЕ›cielne (zbory i placГіwki);szt.;вЂ”;вЂ”;вЂ”;вЂ”;вЂ”;вЂ”;вЂ”;вЂ”;вЂ”;вЂ”;вЂ”;вЂ”;вЂ”;вЂ”;вЂ”;вЂ”;вЂ”;вЂ”;вЂ”;вЂ”;вЂ”;вЂ”;вЂ”;вЂ”;вЂ”;вЂ”;вЂ”;вЂ”;вЂ”;вЂ”;вЂ”;вЂ”;вЂ”;вЂ”;вЂ”;вЂ”;вЂ”;вЂ”;вЂ”;вЂ”;55;53;.;.;.;.;.;42;49;50;51
KoЕ›ciГіЕ‚ Jezusa Chrystusa ЕљwiД™tych Dni Ostatnich (Mormoni);;;;;;;;;;;;;;;;;;;;;;;;;;;;;;;;;;;;;;;;;;;;;;;;;;;
czЕ‚onkowie;osoba;.;.;.;.;.;.;.;.;.;.;37;43;.;26;27;26;27;47;45;.;.;.;45;.;.;.;.;.;50;.;.;.;.;.;.;.;.;70;.;90;94;185;286;283;.;549;.;730;812;.;785
duchowni;osoba;.;.;.;.;.;.;.;.;.;.;.;2;.;1;1;1;1;1;.;.;.;.;3;.;.;.;.;.;.;.;.;13;3;.;.;.;.;12;.;31;28;32;64;64;64;.;.;.;95;.;102
obiekty/miejsca sprawowania kultu;szt.;.;.;.;.;.;.;.;.;.;.;.;1;.;1;1;1;1;1;.;.;.;.;1;.;.;.;.;.;.;.;.;.;1;1;.;.;.;.;.;.;.;.;.;1;1;2;.;1;9;.;.
jednostki koЕ›cielne (gminy);szt.;.;.;.;.;.;.;.;.;.;1;1;1;1;вЂ”;вЂ”;вЂ”;вЂ”;1;1;1;1;1;2;1;.;.;.;.;1;.;.;3;2;2;.;.;.;4;.;4;3;5;4;6;6;.;.;20;12;.;.
KoЕ›ciГіЕ‚ Reformowany AdwentystГіw Dnia SiГіdmego;;;;;;;;;;;;;;;;;;;;;;;;;;;;;;;;;;;;;;;;;;;;;;;;;;;
czЕ‚onkowie;osoba;.;.;.;.;.;.;.;.;.;.;.;.;.;.;.;.;.;.;.;.;.;.;.;.;.;.;.;.;.;.;.;.;.;.;.;.;.;.;.;.;.;.;.;32;31;29;32;30;29;30;30
jednostki koЕ›cielne (zbory);szt.;.;.;.;.;.;.;.;.;.;.;.;.;.;.;.;.;.;.;.;.;.;.;.;.;.;.;.;.;.;.;.;.;.;.;.;.;.;.;.;.;.;.;.;2;2;2;2;2;2;2;2
KoЕ›ciГіЕ‚ Wolnych ChrzeЕ›cijan;;;;;;;;;;;;;;;;;;;;;;;;;;;;;;;;;;;;;;;;;;;;;;;;;;;
czЕ‚onkowie zboru;osoba;вЂ”;вЂ”;вЂ”;вЂ”;вЂ”;вЂ”;вЂ”;вЂ”;вЂ”;вЂ”;вЂ”;вЂ”;вЂ”;вЂ”;вЂ”;вЂ”;вЂ”;вЂ”;вЂ”;вЂ”;вЂ”;вЂ”;вЂ”;вЂ”;вЂ”;вЂ”;вЂ”;вЂ”;вЂ”;вЂ”;вЂ”;вЂ”;вЂ”;902;982;.;1420;1780;1780;1332;3000;3500;3000;2217;2465;2446;2450;2450;2491;2359;2413
duchowni;osoba;вЂ”;вЂ”;вЂ”;вЂ”;вЂ”;вЂ”;вЂ”;вЂ”;вЂ”;вЂ”;вЂ”;вЂ”;вЂ”;вЂ”;вЂ”;вЂ”;вЂ”;вЂ”;вЂ”;вЂ”;вЂ”;вЂ”;вЂ”;вЂ”;вЂ”;вЂ”;вЂ”;вЂ”;вЂ”;вЂ”;вЂ”;вЂ”;вЂ”;2;вЂ”;вЂ”;вЂ”;вЂ”;вЂ”;вЂ”;вЂ”;вЂ”;вЂ”;31;65;74;74;74;70;65;66
obiekty/miejsca sprawowania kultu (kaplice);szt.;вЂ”;вЂ”;вЂ”;вЂ”;вЂ”;вЂ”;вЂ”;вЂ”;вЂ”;вЂ”;вЂ”;вЂ”;вЂ”;вЂ”;вЂ”;вЂ”;вЂ”;вЂ”;вЂ”;вЂ”;вЂ”;вЂ”;вЂ”;вЂ”;вЂ”;вЂ”;вЂ”;вЂ”;вЂ”;вЂ”;вЂ”;вЂ”;вЂ”;6;9;9;15;18;19;24;29;32;32;27;34;34;35;37;37;37;37
jednostki koЕ›cielne (zbory);szt.;вЂ”;вЂ”;вЂ”;вЂ”;вЂ”;вЂ”;вЂ”;вЂ”;вЂ”;вЂ”;вЂ”;вЂ”;вЂ”;вЂ”;вЂ”;вЂ”;вЂ”;вЂ”;вЂ”;вЂ”;вЂ”;вЂ”;вЂ”;вЂ”;вЂ”;вЂ”;вЂ”;вЂ”;вЂ”;вЂ”;вЂ”;вЂ”;вЂ”;44;47;47;32;34;33;33;33;32;33;32;35;.;.;.;38;.;.
KoЕ›ciГіЕ‚ ZborГіw Chrystusowych;;;;;;;;;;;;;;;;;;;;;;;;;;;;;;;;;;;;;;;;;;;;;;;;;;;
czЕ‚onkowie;osoba;.;.;.;1284;1284;вЂ”;вЂ”;вЂ”;вЂ”;вЂ”;вЂ”;вЂ”;вЂ”;вЂ”;вЂ”;вЂ”;вЂ”;вЂ”;вЂ”;вЂ”;вЂ”;вЂ”;вЂ”;вЂ”;вЂ”;вЂ”;вЂ”;вЂ”;вЂ”;вЂ”;вЂ”;вЂ”;вЂ”;вЂ”;вЂ”;вЂ”;вЂ”;вЂ”;вЂ”;вЂ”;2408;2492;3297;3471;3543;3546;3550;3580;3645;3770;3875
duchowni;osoba;.;.;.;.;77;вЂ”;вЂ”;вЂ”;вЂ”;вЂ”;вЂ”;вЂ”;вЂ”;вЂ”;вЂ”;вЂ”;вЂ”;вЂ”;вЂ”;вЂ”;вЂ”;вЂ”;вЂ”;вЂ”;вЂ”;вЂ”;вЂ”;вЂ”;вЂ”;вЂ”;вЂ”;вЂ”;вЂ”;вЂ”;вЂ”;вЂ”;вЂ”;вЂ”;вЂ”;вЂ”;42;50;51;60;65;64;65;66;66;66;63
obiekty/miejsca sprawowania kultu (koЕ›cioЕ‚y, kaplice, domy modlitwy: wЕ‚asne i wynajД™te);szt.;.;.;.;18;17;вЂ”;вЂ”;вЂ”;вЂ”;вЂ”;вЂ”;вЂ”;вЂ”;вЂ”;вЂ”;вЂ”;вЂ”;вЂ”;вЂ”;вЂ”;вЂ”;вЂ”;вЂ”;вЂ”;вЂ”;вЂ”;вЂ”;вЂ”;вЂ”;вЂ”;вЂ”;вЂ”;вЂ”;вЂ”;вЂ”;вЂ”;вЂ”;вЂ”;вЂ”;вЂ”;46;28;29;30;30;31;31;31;31;32;33
jednostki koЕ›cielne (zbory);szt.;.;.;.;24;24;вЂ”;вЂ”;вЂ”;вЂ”;вЂ”;вЂ”;вЂ”;вЂ”;вЂ”;вЂ”;вЂ”;вЂ”;вЂ”;вЂ”;вЂ”;вЂ”;вЂ”;вЂ”;вЂ”;вЂ”;вЂ”;вЂ”;вЂ”;вЂ”;вЂ”;вЂ”;вЂ”;вЂ”;вЂ”;вЂ”;вЂ”;вЂ”;вЂ”;вЂ”;вЂ”;21;21;21;26;26;26;26;26;27;26;27
KoЕ›ciГіЕ‚ ZielonoЕ›wiД…tkowy;;;;;;;;;;;;;;;;;;;;;;;;;;;;;;;;;;;;;;;;;;;;;;;;;;;
czЕ‚onkowie;osoba;вЂ”;вЂ”;вЂ”;вЂ”;вЂ”;вЂ”;вЂ”;вЂ”;вЂ”;вЂ”;вЂ”;вЂ”;вЂ”;вЂ”;вЂ”;вЂ”;вЂ”;вЂ”;вЂ”;вЂ”;вЂ”;вЂ”;вЂ”;вЂ”;вЂ”;вЂ”;вЂ”;вЂ”;вЂ”;вЂ”;вЂ”;вЂ”;вЂ”;вЂ”;вЂ”;вЂ”;вЂ”;вЂ”;вЂ”;вЂ”;10В 156;10В 973;12В 467;12В 886;14В 577;16В 084;17В 379;17В 816;17В 966;18В 655;19В 062
duchowni (ksiД™Ејa);osoba;вЂ”;вЂ”;вЂ”;вЂ”;вЂ”;вЂ”;вЂ”;вЂ”;вЂ”;вЂ”;вЂ”;вЂ”;вЂ”;вЂ”;вЂ”;вЂ”;вЂ”;вЂ”;вЂ”;вЂ”;вЂ”;вЂ”;вЂ”;вЂ”;вЂ”;вЂ”;вЂ”;вЂ”;вЂ”;вЂ”;вЂ”;вЂ”;вЂ”;вЂ”;вЂ”;вЂ”;вЂ”;вЂ”;вЂ”;вЂ”;133;174;193;224;214;230;288;301;311;305;285
obiekty/miejsca sprawowania kultu (koЕ›cioЕ‚y, kaplice, domy modlitwy: wЕ‚asne i wynajД™te);szt.;вЂ”;вЂ”;вЂ”;вЂ”;вЂ”;вЂ”;вЂ”;вЂ”;вЂ”;вЂ”;вЂ”;вЂ”;вЂ”;вЂ”;вЂ”;вЂ”;вЂ”;вЂ”;вЂ”;вЂ”;вЂ”;вЂ”;вЂ”;вЂ”;вЂ”;вЂ”;вЂ”;вЂ”;вЂ”;вЂ”;вЂ”;вЂ”;вЂ”;вЂ”;вЂ”;вЂ”;вЂ”;вЂ”;вЂ”;вЂ”;101;101;100;90;99;87;85;89;90;102;97
jednostki koЕ›cielne (zbory);szt.;вЂ”;вЂ”;вЂ”;вЂ”;вЂ”;вЂ”;вЂ”;вЂ”;вЂ”;вЂ”;вЂ”;вЂ”;вЂ”;вЂ”;вЂ”;вЂ”;вЂ”;вЂ”;вЂ”;вЂ”;вЂ”;вЂ”;вЂ”;вЂ”;вЂ”;вЂ”;вЂ”;вЂ”;вЂ”;вЂ”;вЂ”;вЂ”;вЂ”;вЂ”;вЂ”;вЂ”;вЂ”;вЂ”;вЂ”;вЂ”;88;102;117;128;140;152;161;166;168;168;175
Misja "Centrum SЕ‚uЕјby Е»ycia";;;;;;;;;;;;;;;;;;;;;;;;;;;;;;;;;;;;;;;;;;;;;;;;;;;
czЕ‚onkowie;osoba;вЂ”;вЂ”;вЂ”;вЂ”;вЂ”;вЂ”;вЂ”;вЂ”;вЂ”;вЂ”;вЂ”;вЂ”;вЂ”;вЂ”;вЂ”;вЂ”;вЂ”;вЂ”;вЂ”;вЂ”;вЂ”;вЂ”;вЂ”;вЂ”;вЂ”;вЂ”;вЂ”;вЂ”;вЂ”;вЂ”;вЂ”;вЂ”;вЂ”;вЂ”;вЂ”;вЂ”;вЂ”;вЂ”;вЂ”;вЂ”;вЂ”;вЂ”;70;30;30;30;35;28;40;30;40
duchowni;osoba;вЂ”;вЂ”;вЂ”;вЂ”;вЂ”;вЂ”;вЂ”;вЂ”;вЂ”;вЂ”;вЂ”;вЂ”;вЂ”;вЂ”;вЂ”;вЂ”;вЂ”;вЂ”;вЂ”;вЂ”;вЂ”;вЂ”;вЂ”;вЂ”;вЂ”;вЂ”;вЂ”;вЂ”;вЂ”;вЂ”;вЂ”;вЂ”;вЂ”;вЂ”;вЂ”;вЂ”;вЂ”;вЂ”;вЂ”;вЂ”;вЂ”;вЂ”;1;1;1;1;1;1;1;1;1
obiekty/miejsca sprawowania kultu;szt.;вЂ”;вЂ”;вЂ”;вЂ”;вЂ”;вЂ”;вЂ”;вЂ”;вЂ”;вЂ”;вЂ”;вЂ”;вЂ”;вЂ”;вЂ”;вЂ”;вЂ”;вЂ”;вЂ”;вЂ”;вЂ”;вЂ”;вЂ”;вЂ”;вЂ”;вЂ”;вЂ”;вЂ”;вЂ”;вЂ”;вЂ”;вЂ”;вЂ”;вЂ”;вЂ”;вЂ”;вЂ”;вЂ”;вЂ”;вЂ”;вЂ”;вЂ”;1;1;1;1;1;1;1;1;1
jednostki koЕ›cielne;szt.;вЂ”;вЂ”;вЂ”;вЂ”;вЂ”;вЂ”;вЂ”;вЂ”;вЂ”;вЂ”;вЂ”;вЂ”;вЂ”;вЂ”;вЂ”;вЂ”;вЂ”;вЂ”;вЂ”;вЂ”;вЂ”;вЂ”;вЂ”;вЂ”;вЂ”;вЂ”;вЂ”;вЂ”;вЂ”;вЂ”;вЂ”;вЂ”;вЂ”;вЂ”;вЂ”;вЂ”;вЂ”;вЂ”;вЂ”;вЂ”;вЂ”;вЂ”;1;1;1;1;1;1;1;1;1
Nowoapostolski KoЕ›ciГіЕ‚ w Polsce;;;;;;;;;;;;;;;;;;;;;;;;;;;;;;;;;;;;;;;;;;;;;;;;;;;
czЕ‚onkowie;osoba;.;.;.;.;.;.;.;.;.;.;.;.;.;.;.;.;.;321;.;.;.;.;368;.;.;.;346;348;347;.;.;.;.;.;572;620;682;717;781;814;861;1156;997;1160;1462;5218;5277;5330;5438;5466;5443
duchowni;osoba;.;.;.;.;.;.;.;.;.;.;.;.;.;.;.;.;.;9;.;.;.;.;9;.;.;.;.;13;13;.;.;.;.;.;30;32;33;35;35;35;35;36;34;33;37;47;50;50;50;50;50
obiekty/miejsca sprawowania kultu (kaplice wЕ‚asne i wynajД™te);szt.;.;.;.;.;.;.;.;.;.;.;.;.;.;.;.;.;.;7;.;.;.;.;6;.;.;.;.;7;7;.;.;.;.;.;10;11;8;8;8;8;8;8;8;8;9;11;11;11;14;14;14
jednostki koЕ›cielne (zbory i placГіwki);szt.;.;.;.;.;.;.;.;.;.;.;.;.;.;.;.;.;.;7;.;.;.;.;6;.;.;.;.;7;7;.;.;.;.;.;10;11;15;12;18;18;18;18;25;25;31;32;52;52;52;52;52
Ruch Nowego Е»ycia;;;;;;;;;;;;;;;;;;;;;;;;;;;;;;;;;;;;;;;;;;;;;;;;;;;
czЕ‚onkowie (pracownicy misyjni);osoba;вЂ”;вЂ”;вЂ”;вЂ”;вЂ”;вЂ”;вЂ”;вЂ”;вЂ”;вЂ”;вЂ”;вЂ”;вЂ”;вЂ”;вЂ”;вЂ”;вЂ”;вЂ”;вЂ”;вЂ”;вЂ”;вЂ”;вЂ”;вЂ”;вЂ”;вЂ”;вЂ”;вЂ”;вЂ”;вЂ”;вЂ”;вЂ”;вЂ”;вЂ”;вЂ”;вЂ”;вЂ”;вЂ”;.;.;.;.;.;.;64;73;79;76;73;80;82
duchowni (pracownicy misyjni);osoba;вЂ”;вЂ”;вЂ”;вЂ”;вЂ”;вЂ”;вЂ”;вЂ”;вЂ”;вЂ”;вЂ”;вЂ”;вЂ”;вЂ”;вЂ”;вЂ”;вЂ”;вЂ”;вЂ”;вЂ”;вЂ”;вЂ”;вЂ”;вЂ”;вЂ”;вЂ”;вЂ”;вЂ”;вЂ”;вЂ”;вЂ”;вЂ”;вЂ”;вЂ”;вЂ”;вЂ”;вЂ”;вЂ”;.;.;.;.;.;.;64;73;79;76;73;80;82
Stowarzyszenie Badaczy Pisma ЕљwiД™tego;;;;;;;;;;;;;;;;;;;;;;;;;;;;;;;;;;;;;;;;;;;;;;;;;;;
czЕ‚onkowie;osoba;.;.;.;773;837;755;.;.;779;779;.;785;786;798;.;785;790;.;830;848;848;.;868;873;.;701;662;519;667;.;501;440;469;466;445;364;405;411;436;404;388;.;312;388;250;250;230;250;323;281;286
duchowni (kaznodzieje);osoba;.;.;.;30;32;33;.;.;32;32;.;30;30;30;.;30;27;22;22;22;22;22;23;23;23;22;25;26;26;26;23;21;21;20;33;34;43;48;50;40;38;.;38;38;39;39;40;45;53;52;52
obiekty/miejsca sprawowania kultu (kaplice, domy modlitwy: wynajД™te);szt.;.;.;.;38;38;36;.;.;35;38;38;38;38;39;.;37;37;40;40;41;41;41;43;43;45;.;.;43;.;.;.;.;.;.;5;5;6;6;6;6;6;.;6;6;5;5;.;.;.;.;.
jednostki koЕ›cielne (zbory);szt.;.;.;.;39;40;38;.;.;35;38;39;38;38;39;37;37;37;40;40;41;41;41;43;44;45;41;40;41;35;41;33;29;26;26;26;25;26;27;27;25;25;.;25;25;16;16;14;15;21;21;21
Stowarzyszenie ZborГіw ChrzeЕ›cijan;;;;;;;;;;;;;;;;;;;;;;;;;;;;;;;;;;;;;;;;;;;;;;;;;;;
czЕ‚onkowie;osoba;вЂ”;вЂ”;вЂ”;вЂ”;вЂ”;вЂ”;вЂ”;вЂ”;вЂ”;вЂ”;вЂ”;.;.;.;.;.;40;.;86;.;.;.;48;51;.;160;.;.;.;.;.;.;.;.;90;95;224;220;210;205;209;209;209;.;243;.;250;260;270;270;300
obiekty/miejsca sprawowania kultu (kaplice);szt.;вЂ”;вЂ”;вЂ”;вЂ”;вЂ”;вЂ”;вЂ”;вЂ”;вЂ”;вЂ”;вЂ”;.;.;.;.;вЂ”;вЂ”;вЂ”;вЂ”;.;.;.;вЂ”;вЂ”;.;вЂ”;.;.;.;.;.;.;.;.;вЂ”;вЂ”;вЂ”;вЂ”;вЂ”;вЂ”;5;5;5;5;2;.;2;2;2;2;2
jednostki koЕ›cielne (zbory);szt.;вЂ”;вЂ”;вЂ”;вЂ”;вЂ”;вЂ”;вЂ”;вЂ”;вЂ”;вЂ”;вЂ”;.;.;.;.;3;.;4;.;.;.;.;.;.;.;4;.;.;.;.;.;.;.;.;.;.;3;5;3;3;3;3;3;3;.;.;2;3;3;3;3
Ељwiecki Ruch Misyjny "Epifania";;;;;;;;;;;;;;;;;;;;;;;;;;;;;;;;;;;;;;;;;;;;;;;;;;;
czЕ‚onkowie;osoba;1481;.;1409;1355;1419;1427;.;.;1567;1671;1692;1776;1782;1973;.;1979;1974;.;1993;2015;2144;2160;2223;2121;.;2131;2137;2133;2079;2039;1992;2006;2033;2019;2024;2021;2026;2070;2018;2074;2159;2080;1970;1957;1960;1878;1882;1811;1786;1806;1791
duchowni (starsi i diakoni);osoba;.;.;.;.;123;.;.;.;.;182;227;198;199;218;.;234;254;254;257;270;274;281;289;285;284;297;303;293;405;427;420;420;426;431;426;435;449;427;426;431;436;419;415;407;402;406;421;430;429;426;425
obiekty/miejsca sprawowania kultu (kaplice, domy modlitwy: wЕ‚asne, wynajД™te i w mieszkaniach prywatnych);szt.;.;.;.;.;54;56;.;.;.;.;78;63;71;73;.;78;108;110;110;132;142;136;135;134;140;132;157;153;146;156;148;150;151;163;146;151;148;146;153;150;147;145;139;129;129;128;123;134;123;129;131
jednostki koЕ›cielne (zbory);szt.;54;.;.;51;55;56;.;.;.;62;60;63;71;73;74;78;77;78;78;82;87;88;90;87;87;87;87;86;80;80;78;77;79;78;78;79;79;79;79;80;81;78;78;78;79;78;79;75;73;75;74
Uczniowie Ducha ЕљwiД™tego;;;;;;;;;;;;;;;;;;;;;;;;;;;;;;;;;;;;;;;;;;;;;;;;;;;
czЕ‚onkowie;osoba;вЂ”;вЂ”;вЂ”;вЂ”;вЂ”;вЂ”;вЂ”;вЂ”;вЂ”;вЂ”;вЂ”;вЂ”;вЂ”;вЂ”;вЂ”;вЂ”;вЂ”;вЂ”;вЂ”;вЂ”;вЂ”;вЂ”;вЂ”;вЂ”;вЂ”;вЂ”;вЂ”;.;.;.;.;.;.;.;.;.;.;.;.;.;1000;1000;.;1000;.;1018;.;.;.;.;.
duchowni;osoba;вЂ”;вЂ”;вЂ”;вЂ”;вЂ”;вЂ”;вЂ”;вЂ”;вЂ”;вЂ”;вЂ”;вЂ”;вЂ”;вЂ”;вЂ”;вЂ”;вЂ”;вЂ”;вЂ”;вЂ”;вЂ”;вЂ”;вЂ”;вЂ”;вЂ”;вЂ”;вЂ”;.;.;.;.;.;.;.;.;.;.;.;.;.;вЂ”;вЂ”;.;вЂ”;.;2;.;.;.;.;.
obiekty/miejsca sprawowania kultu (mieszkania prywatne);szt.;вЂ”;вЂ”;вЂ”;вЂ”;вЂ”;вЂ”;вЂ”;вЂ”;вЂ”;вЂ”;вЂ”;вЂ”;вЂ”;вЂ”;вЂ”;вЂ”;вЂ”;вЂ”;вЂ”;вЂ”;вЂ”;вЂ”;вЂ”;вЂ”;вЂ”;вЂ”;вЂ”;.;.;.;.;.;.;.;.;.;.;.;.;.;1;1;.;1;.;1;.;.;.;.;.
jednostki koЕ›cielne;szt.;вЂ”;вЂ”;вЂ”;вЂ”;вЂ”;вЂ”;вЂ”;вЂ”;вЂ”;вЂ”;вЂ”;вЂ”;вЂ”;вЂ”;вЂ”;вЂ”;вЂ”;вЂ”;вЂ”;вЂ”;вЂ”;вЂ”;вЂ”;вЂ”;вЂ”;вЂ”;вЂ”;.;.;.;.;.;.;.;.;.;.;.;.;.;вЂ”;вЂ”;.;.;.;1;.;.;.;.;.
UrzД…d Apostolski Jezusa Chrystusa;;;;;;;;;;;;;;;;;;;;;;;;;;;;;;;;;;;;;;;;;;;;;;;;;;;
czЕ‚onkowie;osoba;вЂ”;вЂ”;вЂ”;.;.;.;.;.;.;.;.;60;28;28;.;37;.;32;.;.;.;.;.;.;.;10;.;.;10;.;.;.;.;.;15;.;50;50;80;90;90;90;90;80;100;28;28;39;39;37;38
duchowni;osoba;вЂ”;вЂ”;вЂ”;.;.;.;.;.;.;.;.;.;.;.;.;.;.;6;.;.;.;.;.;.;.;2;.;.;.;.;.;.;.;.;2;.;5;5;7;7;7;7;7;7;7;7;7;6;6;5;5
obiekty/miejsca sprawowania kultu;szt.;вЂ”;вЂ”;вЂ”;.;.;.;.;.;.;.;.;.;.;.;.;.;.;вЂ”;.;.;.;.;.;.;.;вЂ”;.;.;.;.;.;.;.;.;вЂ”;.;вЂ”;вЂ”;вЂ”;вЂ”;вЂ”;1;1;вЂ”;.;.;.;.;.;.;.
jednostki koЕ›cielne (zbory);szt.;вЂ”;вЂ”;вЂ”;.;.;.;.;.;.;.;.;.;.;3;3;3;2;3;2;2;2;2;2;.;.;2;.;.;.;.;.;.;.;.;2;.;вЂ”;1;вЂ”;2;2;2;2;1;вЂ”;1;1;1;1;2;.
WspГіlnota ChrzeЕ›cijaЕ„ska "Pojednanie";;;;;;;;;;;;;;;;;;;;;;;;;;;;;;;;;;;;;;;;;;;;;;;;;;;
czЕ‚onkowie;osoba;вЂ”;вЂ”;вЂ”;вЂ”;вЂ”;вЂ”;вЂ”;вЂ”;вЂ”;вЂ”;вЂ”;вЂ”;вЂ”;вЂ”;вЂ”;вЂ”;вЂ”;вЂ”;вЂ”;вЂ”;вЂ”;вЂ”;вЂ”;вЂ”;вЂ”;вЂ”;вЂ”;вЂ”;вЂ”;вЂ”;вЂ”;вЂ”;вЂ”;вЂ”;вЂ”;вЂ”;вЂ”;вЂ”;вЂ”;вЂ”;вЂ”;вЂ”;.;.;40;52;43;48;36;37;35
duchowni;osoba;вЂ”;вЂ”;вЂ”;вЂ”;вЂ”;вЂ”;вЂ”;вЂ”;вЂ”;вЂ”;вЂ”;вЂ”;вЂ”;вЂ”;вЂ”;вЂ”;вЂ”;вЂ”;вЂ”;вЂ”;вЂ”;вЂ”;вЂ”;вЂ”;вЂ”;вЂ”;вЂ”;вЂ”;вЂ”;вЂ”;вЂ”;вЂ”;вЂ”;вЂ”;вЂ”;вЂ”;вЂ”;вЂ”;вЂ”;вЂ”;вЂ”;вЂ”;.;.;10;12;14;.;.;2;.
jednostki koЕ›cielne;szt.;.;.;.;.;.;.;.;.;.;.;.;.;.;.;.;.;.;.;.;.;.;.;.;.;.;.;.;.;.;.;.;.;.;.;.;.;.;.;.;.;.;.;.;.;.;.;.;1;1;.;.
Zbory BoЕјe ChrzeЕ›cijan Dnia SiГіdmego;;;;;;;;;;;;;;;;;;;;;;;;;;;;;;;;;;;;;;;;;;;;;;;;;;;
czЕ‚onkowie;osoba;вЂ”;вЂ”;вЂ”;вЂ”;вЂ”;вЂ”;вЂ”;вЂ”;вЂ”;вЂ”;вЂ”;вЂ”;вЂ”;вЂ”;вЂ”;вЂ”;вЂ”;вЂ”;вЂ”;вЂ”;вЂ”;вЂ”;вЂ”;вЂ”;вЂ”;вЂ”;вЂ”;вЂ”;вЂ”;вЂ”;вЂ”;вЂ”;вЂ”;вЂ”;вЂ”;вЂ”;вЂ”;вЂ”;вЂ”;вЂ”;вЂ”;вЂ”;.;.;40;46;52;58;49;96;.
duchowni;osoba;вЂ”;вЂ”;вЂ”;вЂ”;вЂ”;вЂ”;вЂ”;вЂ”;вЂ”;вЂ”;вЂ”;вЂ”;вЂ”;вЂ”;вЂ”;вЂ”;вЂ”;вЂ”;вЂ”;вЂ”;вЂ”;вЂ”;вЂ”;вЂ”;вЂ”;вЂ”;вЂ”;вЂ”;вЂ”;вЂ”;вЂ”;вЂ”;вЂ”;вЂ”;вЂ”;вЂ”;вЂ”;вЂ”;вЂ”;вЂ”;вЂ”;вЂ”;.;.;6;5;7;5;9;16;.
obiekty/miejsca sprawowania kultu;szt.;вЂ”;вЂ”;вЂ”;вЂ”;вЂ”;вЂ”;вЂ”;вЂ”;вЂ”;вЂ”;вЂ”;вЂ”;вЂ”;вЂ”;вЂ”;вЂ”;вЂ”;вЂ”;вЂ”;вЂ”;вЂ”;вЂ”;вЂ”;вЂ”;вЂ”;вЂ”;вЂ”;вЂ”;вЂ”;вЂ”;вЂ”;вЂ”;вЂ”;вЂ”;вЂ”;вЂ”;вЂ”;вЂ”;вЂ”;вЂ”;вЂ”;вЂ”;.;.;1;1;вЂ”;1;1;4;.
jednostki koЕ›cielne;szt.;вЂ”;вЂ”;вЂ”;вЂ”;вЂ”;вЂ”;вЂ”;вЂ”;вЂ”;вЂ”;вЂ”;вЂ”;вЂ”;вЂ”;вЂ”;вЂ”;вЂ”;вЂ”;вЂ”;вЂ”;вЂ”;вЂ”;вЂ”;вЂ”;вЂ”;вЂ”;вЂ”;вЂ”;вЂ”;вЂ”;вЂ”;вЂ”;вЂ”;вЂ”;вЂ”;вЂ”;вЂ”;вЂ”;вЂ”;вЂ”;вЂ”;вЂ”;.;.;4;4;5;5;7;11;.
ZbГіr ChrzeЕ›cijaЕ„ski;;;;;;;;;;;;;;;;;;;;;;;;;;;;;;;;;;;;;;;;;;;;;;;;;;;
czЕ‚onkowie;osoba;вЂ”;вЂ”;вЂ”;вЂ”;вЂ”;вЂ”;вЂ”;вЂ”;вЂ”;вЂ”;вЂ”;вЂ”;вЂ”;вЂ”;вЂ”;вЂ”;вЂ”;вЂ”;вЂ”;вЂ”;вЂ”;вЂ”;вЂ”;вЂ”;вЂ”;вЂ”;вЂ”;вЂ”;вЂ”;вЂ”;вЂ”;вЂ”;вЂ”;вЂ”;вЂ”;вЂ”;вЂ”;вЂ”;.;.;.;.;22;20;23;22;27;25;25;21;20
duchowni;osoba;вЂ”;вЂ”;вЂ”;вЂ”;вЂ”;вЂ”;вЂ”;вЂ”;вЂ”;вЂ”;вЂ”;вЂ”;вЂ”;вЂ”;вЂ”;вЂ”;вЂ”;вЂ”;вЂ”;вЂ”;вЂ”;вЂ”;вЂ”;вЂ”;вЂ”;вЂ”;вЂ”;вЂ”;вЂ”;вЂ”;вЂ”;вЂ”;вЂ”;вЂ”;вЂ”;вЂ”;вЂ”;вЂ”;.;.;.;.;вЂ”;4;2;4;5;5;4;3;3
obiekty/miejsca sprawowania kultu;szt.;вЂ”;вЂ”;вЂ”;вЂ”;вЂ”;вЂ”;вЂ”;вЂ”;вЂ”;вЂ”;вЂ”;вЂ”;вЂ”;вЂ”;вЂ”;вЂ”;вЂ”;вЂ”;вЂ”;вЂ”;вЂ”;вЂ”;вЂ”;вЂ”;вЂ”;вЂ”;вЂ”;вЂ”;вЂ”;вЂ”;вЂ”;вЂ”;вЂ”;вЂ”;вЂ”;вЂ”;вЂ”;вЂ”;.;.;.;.;вЂ”;1;вЂ”;.;.;.;.;.;1
jednostki koЕ›cielne;szt.;вЂ”;вЂ”;вЂ”;вЂ”;вЂ”;вЂ”;вЂ”;вЂ”;вЂ”;вЂ”;вЂ”;вЂ”;вЂ”;вЂ”;вЂ”;вЂ”;вЂ”;вЂ”;вЂ”;вЂ”;вЂ”;вЂ”;вЂ”;вЂ”;вЂ”;вЂ”;вЂ”;вЂ”;вЂ”;вЂ”;вЂ”;вЂ”;вЂ”;вЂ”;вЂ”;вЂ”;вЂ”;вЂ”;.;.;.;.;1;1;1;1;1;1;1;1;1
ZbГіr Ewangeliczny "Agape" w Poznaniu;;;;;;;;;;;;;;;;;;;;;;;;;;;;;;;;;;;;;;;;;;;;;;;;;;;
czЕ‚onkowie;osoba;вЂ”;вЂ”;вЂ”;вЂ”;вЂ”;вЂ”;вЂ”;вЂ”;вЂ”;вЂ”;вЂ”;вЂ”;вЂ”;вЂ”;вЂ”;вЂ”;вЂ”;вЂ”;вЂ”;вЂ”;вЂ”;вЂ”;вЂ”;вЂ”;вЂ”;вЂ”;вЂ”;вЂ”;вЂ”;вЂ”;вЂ”;вЂ”;вЂ”;вЂ”;вЂ”;вЂ”;вЂ”;вЂ”;вЂ”;вЂ”;вЂ”;вЂ”;.;.;150;150;150;150;100;100;100
duchowni;osoba;вЂ”;вЂ”;вЂ”;вЂ”;вЂ”;вЂ”;вЂ”;вЂ”;вЂ”;вЂ”;вЂ”;вЂ”;вЂ”;вЂ”;вЂ”;вЂ”;вЂ”;вЂ”;вЂ”;вЂ”;вЂ”;вЂ”;вЂ”;вЂ”;вЂ”;вЂ”;вЂ”;вЂ”;вЂ”;вЂ”;вЂ”;вЂ”;вЂ”;вЂ”;вЂ”;вЂ”;вЂ”;вЂ”;вЂ”;вЂ”;вЂ”;вЂ”;вЂ”;.;7;11;11;11;8;10;10
obiekty/miejsca sprawowania kultu;szt.;вЂ”;вЂ”;вЂ”;вЂ”;вЂ”;вЂ”;вЂ”;вЂ”;вЂ”;вЂ”;вЂ”;вЂ”;вЂ”;вЂ”;вЂ”;вЂ”;вЂ”;вЂ”;вЂ”;вЂ”;вЂ”;вЂ”;вЂ”;вЂ”;вЂ”;вЂ”;вЂ”;вЂ”;вЂ”;вЂ”;вЂ”;вЂ”;вЂ”;вЂ”;вЂ”;вЂ”;вЂ”;вЂ”;вЂ”;вЂ”;вЂ”;вЂ”;вЂ”;.;2;2;2;2;1;1;1
jednostki koЕ›cielne;szt.;вЂ”;вЂ”;вЂ”;вЂ”;вЂ”;вЂ”;вЂ”;вЂ”;вЂ”;вЂ”;вЂ”;вЂ”;вЂ”;вЂ”;вЂ”;вЂ”;вЂ”;вЂ”;вЂ”;вЂ”;вЂ”;вЂ”;вЂ”;вЂ”;вЂ”;вЂ”;вЂ”;вЂ”;вЂ”;вЂ”;вЂ”;вЂ”;вЂ”;вЂ”;вЂ”;вЂ”;вЂ”;вЂ”;вЂ”;вЂ”;вЂ”;вЂ”;вЂ”;.;2;2;2;2;1;1;1
ZbГіr Ewangelicznych ChrzeЕ›cijan w Duchu Apostolskim;;;;;;;;;;;;;;;;;;;;;;;;;;;;;;;;;;;;;;;;;;;;;;;;;;;
czЕ‚onkowie;osoba;.;.;.;.;.;.;.;.;.;.;.;.;.;.;.;.;.;.;.;.;.;.;.;.;.;.;.;.;.;.;.;.;.;.;.;.;.;.;.;.;.;.;101;111;106;111;100;.;.;.;.
duchowni;osoba;.;.;.;.;.;.;.;.;.;.;.;.;.;.;.;.;.;.;.;.;.;.;.;.;.;.;.;.;.;.;.;.;.;.;.;.;.;.;.;.;.;.;1;1;1;.;5;.;.;.;.
obiekty/miejsca sprawowania kultu;szt.;.;.;.;.;.;.;.;.;.;.;.;.;.;.;.;.;.;.;.;.;.;.;.;.;.;.;.;.;.;.;.;.;.;.;.;.;.;.;.;.;.;.;вЂ”;1;вЂ”;вЂ”;вЂ”;.;.;.;.
jednostki koЕ›cielne;szt.;.;.;.;.;.;.;.;.;.;.;.;.;.;.;.;.;.;.;.;.;.;.;.;.;.;.;.;.;.;.;.;.;.;.;.;.;.;.;.;.;.;.;1;1;1;1;1;.;.;.;.
ZbГіr Ewangeliczny "Syjon";;;;;;;;;;;;;;;;;;;;;;;;;;;;;;;;;;;;;;;;;;;;;;;;;;;
czЕ‚onkowie;osoba;вЂ”;вЂ”;вЂ”;вЂ”;вЂ”;вЂ”;вЂ”;вЂ”;вЂ”;вЂ”;вЂ”;вЂ”;вЂ”;вЂ”;вЂ”;вЂ”;вЂ”;вЂ”;вЂ”;вЂ”;вЂ”;вЂ”;вЂ”;вЂ”;вЂ”;вЂ”;вЂ”;вЂ”;вЂ”;вЂ”;вЂ”;вЂ”;вЂ”;вЂ”;вЂ”;вЂ”;вЂ”;вЂ”;вЂ”;вЂ”;вЂ”;.;19;.;51;57;85;63;23;21;17
duchowni;osoba;вЂ”;вЂ”;вЂ”;вЂ”;вЂ”;вЂ”;вЂ”;вЂ”;вЂ”;вЂ”;вЂ”;вЂ”;вЂ”;вЂ”;вЂ”;вЂ”;вЂ”;вЂ”;вЂ”;вЂ”;вЂ”;вЂ”;вЂ”;вЂ”;вЂ”;вЂ”;вЂ”;вЂ”;вЂ”;вЂ”;вЂ”;вЂ”;вЂ”;вЂ”;вЂ”;вЂ”;вЂ”;вЂ”;вЂ”;вЂ”;вЂ”;.;3;3;4;4;6;6;3;3;3
obiekty/miejsca sprawowania kultu;szt.;вЂ”;вЂ”;вЂ”;вЂ”;вЂ”;вЂ”;вЂ”;вЂ”;вЂ”;вЂ”;вЂ”;вЂ”;вЂ”;вЂ”;вЂ”;вЂ”;вЂ”;вЂ”;вЂ”;вЂ”;вЂ”;вЂ”;вЂ”;вЂ”;вЂ”;вЂ”;вЂ”;вЂ”;вЂ”;вЂ”;вЂ”;вЂ”;вЂ”;вЂ”;вЂ”;вЂ”;вЂ”;вЂ”;вЂ”;вЂ”;вЂ”;.;1;1;1;вЂ”;вЂ”;вЂ”;вЂ”;вЂ”;вЂ”
jednostki koЕ›cielne;szt.;вЂ”;вЂ”;вЂ”;вЂ”;вЂ”;вЂ”;вЂ”;вЂ”;вЂ”;вЂ”;вЂ”;вЂ”;вЂ”;вЂ”;вЂ”;вЂ”;вЂ”;вЂ”;вЂ”;вЂ”;вЂ”;вЂ”;вЂ”;вЂ”;вЂ”;вЂ”;вЂ”;вЂ”;вЂ”;вЂ”;вЂ”;вЂ”;вЂ”;вЂ”;вЂ”;вЂ”;вЂ”;вЂ”;вЂ”;вЂ”;вЂ”;.;1;1;2;3;2;2;1;1;.
ZbГіr Stanowczych ChrzeЕ›cijan;;;;;;;;;;;;;;;;;;;;;;;;;;;;;;;;;;;;;;;;;;;;;;;;;;;
czЕ‚onkowie;osoba;вЂ”;вЂ”;вЂ”;вЂ”;вЂ”;вЂ”;вЂ”;вЂ”;вЂ”;вЂ”;вЂ”;вЂ”;вЂ”;вЂ”;вЂ”;вЂ”;вЂ”;вЂ”;вЂ”;вЂ”;вЂ”;вЂ”;вЂ”;вЂ”;вЂ”;вЂ”;вЂ”;вЂ”;вЂ”;вЂ”;вЂ”;вЂ”;вЂ”;вЂ”;вЂ”;вЂ”;вЂ”;вЂ”;вЂ”;вЂ”;.;.;.;300;250;.;250;250;300;300;300
duchowni;osoba;вЂ”;вЂ”;вЂ”;вЂ”;вЂ”;вЂ”;вЂ”;вЂ”;вЂ”;вЂ”;вЂ”;вЂ”;вЂ”;вЂ”;вЂ”;вЂ”;вЂ”;вЂ”;вЂ”;вЂ”;вЂ”;вЂ”;вЂ”;вЂ”;вЂ”;вЂ”;вЂ”;вЂ”;вЂ”;вЂ”;вЂ”;вЂ”;вЂ”;вЂ”;вЂ”;вЂ”;вЂ”;вЂ”;вЂ”;вЂ”;.;.;.;9;вЂ”;.;вЂ”;вЂ”;вЂ”;7;7
obiekty/miejsca sprawowania kultu;szt.;вЂ”;вЂ”;вЂ”;вЂ”;вЂ”;вЂ”;вЂ”;вЂ”;вЂ”;вЂ”;вЂ”;вЂ”;вЂ”;вЂ”;вЂ”;вЂ”;вЂ”;вЂ”;вЂ”;вЂ”;вЂ”;вЂ”;вЂ”;вЂ”;вЂ”;вЂ”;вЂ”;вЂ”;вЂ”;вЂ”;вЂ”;вЂ”;вЂ”;вЂ”;вЂ”;вЂ”;вЂ”;вЂ”;вЂ”;вЂ”;.;.;.;1;1;.;1;.;вЂ”;.;вЂ”
jednostki koЕ›cielne;szt.;вЂ”;вЂ”;вЂ”;вЂ”;вЂ”;вЂ”;вЂ”;вЂ”;вЂ”;вЂ”;вЂ”;вЂ”;вЂ”;вЂ”;вЂ”;вЂ”;вЂ”;вЂ”;вЂ”;вЂ”;вЂ”;вЂ”;вЂ”;вЂ”;вЂ”;вЂ”;вЂ”;вЂ”;вЂ”;вЂ”;вЂ”;вЂ”;вЂ”;вЂ”;вЂ”;вЂ”;вЂ”;вЂ”;вЂ”;вЂ”;.;1;1;1;1;1;1;1;1;1;3
ZbГіr Wolnych ChrzeЕ›cijan w Jaworznie;;;;;;;;;;;;;;;;;;;;;;;;;;;;;;;;;;;;;;;;;;;;;;;;;;;
czЕ‚onkowie;osoba;вЂ”;вЂ”;вЂ”;вЂ”;вЂ”;вЂ”;вЂ”;вЂ”;вЂ”;вЂ”;вЂ”;вЂ”;вЂ”;вЂ”;вЂ”;вЂ”;вЂ”;вЂ”;вЂ”;вЂ”;вЂ”;вЂ”;вЂ”;вЂ”;вЂ”;вЂ”;вЂ”;вЂ”;вЂ”;вЂ”;вЂ”;вЂ”;вЂ”;вЂ”;вЂ”;вЂ”;вЂ”;вЂ”;вЂ”;вЂ”;вЂ”;вЂ”;вЂ”;вЂ”;.;30;30;.;30;.;.
duchowni;osoba;вЂ”;вЂ”;вЂ”;вЂ”;вЂ”;вЂ”;вЂ”;вЂ”;вЂ”;вЂ”;вЂ”;вЂ”;вЂ”;вЂ”;вЂ”;вЂ”;вЂ”;вЂ”;вЂ”;вЂ”;вЂ”;вЂ”;вЂ”;вЂ”;вЂ”;вЂ”;вЂ”;вЂ”;вЂ”;вЂ”;вЂ”;вЂ”;вЂ”;вЂ”;вЂ”;вЂ”;вЂ”;вЂ”;вЂ”;вЂ”;вЂ”;вЂ”;вЂ”;вЂ”;.;1;2;1;2;.;.
obiekty/miejsca sprawowania kultu;szt.;вЂ”;вЂ”;вЂ”;вЂ”;вЂ”;вЂ”;вЂ”;вЂ”;вЂ”;вЂ”;вЂ”;вЂ”;вЂ”;вЂ”;вЂ”;вЂ”;вЂ”;вЂ”;вЂ”;вЂ”;вЂ”;вЂ”;вЂ”;вЂ”;вЂ”;вЂ”;вЂ”;вЂ”;вЂ”;вЂ”;вЂ”;вЂ”;вЂ”;вЂ”;вЂ”;вЂ”;вЂ”;вЂ”;вЂ”;вЂ”;вЂ”;вЂ”;вЂ”;вЂ”;.;1;1;1;1;.;.
jednostki koЕ›cielne;szt.;вЂ”;вЂ”;вЂ”;вЂ”;вЂ”;вЂ”;вЂ”;вЂ”;вЂ”;вЂ”;вЂ”;вЂ”;вЂ”;вЂ”;вЂ”;вЂ”;вЂ”;вЂ”;вЂ”;вЂ”;вЂ”;вЂ”;вЂ”;вЂ”;вЂ”;вЂ”;вЂ”;вЂ”;вЂ”;вЂ”;вЂ”;вЂ”;вЂ”;вЂ”;вЂ”;вЂ”;вЂ”;вЂ”;вЂ”;вЂ”;вЂ”;вЂ”;вЂ”;вЂ”;.;1;1;1;1;.;.
ZbГіr w WodzisЕ‚awiu ЕљlД…skim;;;;;;;;;;;;;;;;;;;;;;;;;;;;;;;;;;;;;;;;;;;;;;;;;;;
czЕ‚onkowie;osoba;вЂ”;вЂ”;вЂ”;вЂ”;вЂ”;вЂ”;вЂ”;вЂ”;вЂ”;вЂ”;вЂ”;вЂ”;вЂ”;вЂ”;вЂ”;вЂ”;вЂ”;вЂ”;вЂ”;вЂ”;вЂ”;вЂ”;вЂ”;вЂ”;вЂ”;вЂ”;вЂ”;вЂ”;вЂ”;вЂ”;вЂ”;вЂ”;вЂ”;вЂ”;вЂ”;вЂ”;вЂ”;вЂ”;вЂ”;вЂ”;вЂ”;.;.;.;87;79;79;75;67;67;71
duchowni;osoba;вЂ”;вЂ”;вЂ”;вЂ”;вЂ”;вЂ”;вЂ”;вЂ”;вЂ”;вЂ”;вЂ”;вЂ”;вЂ”;вЂ”;вЂ”;вЂ”;вЂ”;вЂ”;вЂ”;вЂ”;вЂ”;вЂ”;вЂ”;вЂ”;вЂ”;вЂ”;вЂ”;вЂ”;вЂ”;вЂ”;вЂ”;вЂ”;вЂ”;вЂ”;вЂ”;вЂ”;вЂ”;вЂ”;вЂ”;вЂ”;вЂ”;.;.;.;вЂ”;79;79;75;3;3;3
obiekty/miejsca sprawowania kultu;szt.;вЂ”;вЂ”;вЂ”;вЂ”;вЂ”;вЂ”;вЂ”;вЂ”;вЂ”;вЂ”;вЂ”;вЂ”;вЂ”;вЂ”;вЂ”;вЂ”;вЂ”;вЂ”;вЂ”;вЂ”;вЂ”;вЂ”;вЂ”;вЂ”;вЂ”;вЂ”;вЂ”;вЂ”;вЂ”;вЂ”;вЂ”;вЂ”;вЂ”;вЂ”;вЂ”;вЂ”;вЂ”;вЂ”;вЂ”;вЂ”;вЂ”;.;.;.;1;1;1;1;вЂ”;вЂ”;вЂ”
jednostki koЕ›cielne;szt.;вЂ”;вЂ”;вЂ”;вЂ”;вЂ”;вЂ”;вЂ”;вЂ”;вЂ”;вЂ”;вЂ”;вЂ”;вЂ”;вЂ”;вЂ”;вЂ”;вЂ”;вЂ”;вЂ”;вЂ”;вЂ”;вЂ”;вЂ”;вЂ”;вЂ”;вЂ”;вЂ”;вЂ”;вЂ”;вЂ”;вЂ”;вЂ”;вЂ”;вЂ”;вЂ”;вЂ”;вЂ”;вЂ”;вЂ”;вЂ”;вЂ”;1;1;1;1;1;1;1;1;1;1
Zjednoczony KoЕ›ciГіЕ‚ Ewangeliczny w PRL;;;;;;;;;;;;;;;;;;;;;;;;;;;;;;;;;;;;;;;;;;;;;;;;;;;
czЕ‚onkowie;osoba;.;.;.;3722;.;5100;.;.;6143;.;7051;.;7301;7439;.;7626;7626;.;7800;8055;8146;.;8146;8150;.;8293;8517;8579;8600;8720;8872;8960;10В 070;.;13В 907;15В 062;16В 019;17В 078;17В 972;.;вЂ”;вЂ”;вЂ”;вЂ”;вЂ”;вЂ”;вЂ”;вЂ”;вЂ”;вЂ”;вЂ”
duchowni;osoba;.;.;.;58;.;131;.;.;112;.;.;.;.;147;.;158;152;155;159;175;177;177;177;179;180;173;180;196;206;215;240;245;256;256;248;227;249;272;287;.;вЂ”;вЂ”;вЂ”;вЂ”;вЂ”;вЂ”;вЂ”;вЂ”;вЂ”;вЂ”;вЂ”
obiekty/miejsca sprawowania kultu (koЕ›cioЕ‚y, kaplice, domy modlitwy: wЕ‚asne i wynajД™te);szt.;.;.;.;22;.;46;.;.;48;.;.;.;.;86;.;87;87;90;90;94;94;95;97;78;78;58;60;64;65;68;73;72;79;79;114;114;122;122;126;.;вЂ”;вЂ”;вЂ”;вЂ”;вЂ”;вЂ”;вЂ”;вЂ”;вЂ”;вЂ”;вЂ”
jednostki koЕ›cielne (zbory);szt.;.;.;.;62;.;188;.;.;176;77;80;.;84;85;.;86;86;185;89;94;94;205;97;202;200;201;103;108;111;113;120;123;124;244;114;117;121;122;128;.;вЂ”;вЂ”;вЂ”;вЂ”;вЂ”;вЂ”;вЂ”;вЂ”;вЂ”;вЂ”;вЂ”
Zrzeszenie Wolnych Badaczy Pisma ЕљwiД™tego;;;;;;;;;;;;;;;;;;;;;;;;;;;;;;;;;;;;;;;;;;;;;;;;;;;
czЕ‚onkowie;osoba;3104;.;3166;3169;3108;3078;.;.;3038;3291;3189;3317;3169;2932;.;3239;3372;.;3391;3392;3395;.;3384;3306;.;3384;3251;3207;3181;3158;2044;2043;2041;2008;1982;1970;1945;2709;2674;2705;2649;2657;2606;2581;2513;2565;2458;2364;2419;2418;2312
duchowni (starsi i diakoni);osoba;114;.;203;290;290;307;.;.;186;316;325;349;317;296;.;340;350;334;320;321;320;320;312;311;311;312;289;301;305;301;298;305;306;331;333;339;309;308;328;300;295;284;280;273;273;274;185;171;177;176;241
obiekty/miejsca sprawowania kultu (domy modlitwy);szt.;.;.;.;.;120;121;.;.;121;119;117;116;147;5;.;7;9;9;9;9;14;15;15;15;16;2;2;2;2;2;3;3;3;3;3;3;3;3;3;3;3;3;131;3;2;3;6;3;4;4;4
jednostki koЕ›cielne (zbory);szt.;126;.;115;119;120;121;.;.;121;119;117;116;117;110;108;140;144;114;102;137;109;134;106;129;121;100;101;97;97;95;93;93;94;93;94;93;92;92;92;92;91;92;91;88;86;85;84;82;82;79;77
ZwiД…zek Badaczy Biblii;;;;;;;;;;;;;;;;;;;;;;;;;;;;;;;;;;;;;;;;;;;;;;;;;;;
czЕ‚onkowie;osoba;вЂ”;вЂ”;вЂ”;вЂ”;вЂ”;вЂ”;вЂ”;вЂ”;вЂ”;вЂ”;вЂ”;вЂ”;вЂ”;вЂ”;вЂ”;вЂ”;вЂ”;вЂ”;вЂ”;вЂ”;вЂ”;вЂ”;вЂ”;вЂ”;вЂ”;вЂ”;вЂ”;вЂ”;вЂ”;вЂ”;вЂ”;вЂ”;вЂ”;вЂ”;вЂ”;вЂ”;вЂ”;вЂ”;66;60;90;80;86;86;77;86;77;72;.;.;вЂ”
duchowni (kaznodzieje);osoba;вЂ”;вЂ”;вЂ”;вЂ”;вЂ”;вЂ”;вЂ”;вЂ”;вЂ”;вЂ”;вЂ”;вЂ”;вЂ”;вЂ”;вЂ”;вЂ”;вЂ”;вЂ”;вЂ”;вЂ”;вЂ”;вЂ”;вЂ”;вЂ”;вЂ”;вЂ”;вЂ”;вЂ”;вЂ”;вЂ”;вЂ”;вЂ”;вЂ”;вЂ”;вЂ”;вЂ”;вЂ”;вЂ”;5;6;14;16;10;16;15;16;15;9;.;.;вЂ”
obiekty/miejsca sprawowania kultu (domy modlitwy w mieszkaniach prywatnych);szt.;вЂ”;вЂ”;вЂ”;вЂ”;вЂ”;вЂ”;вЂ”;вЂ”;вЂ”;вЂ”;вЂ”;вЂ”;вЂ”;вЂ”;вЂ”;вЂ”;вЂ”;вЂ”;вЂ”;вЂ”;вЂ”;вЂ”;вЂ”;вЂ”;вЂ”;вЂ”;вЂ”;вЂ”;вЂ”;вЂ”;вЂ”;вЂ”;вЂ”;вЂ”;вЂ”;вЂ”;вЂ”;вЂ”;12;12;13;12;12;вЂ”;вЂ”;вЂ”;.;вЂ”;.;.;вЂ”
jednostki koЕ›cielne (zbory);szt.;вЂ”;вЂ”;вЂ”;вЂ”;вЂ”;вЂ”;вЂ”;вЂ”;вЂ”;вЂ”;вЂ”;вЂ”;вЂ”;вЂ”;вЂ”;вЂ”;вЂ”;вЂ”;вЂ”;вЂ”;вЂ”;вЂ”;вЂ”;вЂ”;вЂ”;вЂ”;вЂ”;вЂ”;вЂ”;вЂ”;вЂ”;вЂ”;вЂ”;вЂ”;вЂ”;вЂ”;вЂ”;вЂ”;12;12;13;12;12;12;12;12;.;7;.;.;вЂ”
ZwiД…zek Wyznaniowy "Misja ЕЃaski";;;;;;;;;;;;;;;;;;;;;;;;;;;;;;;;;;;;;;;;;;;;;;;;;;;
czЕ‚onkowie (pieczД™towani Duchem ЕљwiД™tym);osoba;вЂ”;вЂ”;вЂ”;вЂ”;вЂ”;вЂ”;вЂ”;вЂ”;вЂ”;вЂ”;вЂ”;вЂ”;вЂ”;вЂ”;вЂ”;вЂ”;вЂ”;вЂ”;вЂ”;вЂ”;вЂ”;вЂ”;вЂ”;вЂ”;вЂ”;вЂ”;вЂ”;вЂ”;вЂ”;вЂ”;вЂ”;вЂ”;вЂ”;вЂ”;вЂ”;вЂ”;вЂ”;.;.;.;.;.;.;85;85;205;205;.;117;129;130
duchowni;osoba;вЂ”;вЂ”;вЂ”;вЂ”;вЂ”;вЂ”;вЂ”;вЂ”;вЂ”;вЂ”;вЂ”;вЂ”;вЂ”;вЂ”;вЂ”;вЂ”;вЂ”;вЂ”;вЂ”;вЂ”;вЂ”;вЂ”;вЂ”;вЂ”;вЂ”;вЂ”;вЂ”;вЂ”;вЂ”;вЂ”;вЂ”;вЂ”;вЂ”;вЂ”;вЂ”;вЂ”;вЂ”;.;.;.;.;.;.;4;4;8;8;.;6;7;5
jednostki koЕ›cielne (koЕ›ciГіЕ‚ lokalny);szt.;вЂ”;вЂ”;вЂ”;вЂ”;вЂ”;вЂ”;вЂ”;вЂ”;вЂ”;вЂ”;вЂ”;вЂ”;вЂ”;вЂ”;вЂ”;вЂ”;вЂ”;вЂ”;вЂ”;вЂ”;вЂ”;вЂ”;вЂ”;вЂ”;вЂ”;вЂ”;вЂ”;вЂ”;вЂ”;вЂ”;вЂ”;вЂ”;вЂ”;вЂ”;вЂ”;вЂ”;вЂ”;.;.;.;.;.;.;.;.;.;.;.;4;5;4
